<?xml version="1.0" encoding="UTF-8" standalone="no"?>
<!--iDempiere(r) Release 2.1_2014-10-31 -Smart Suite ERP, CRM and SCM- (c) 1999-2013 iDempiere(r); Implementation: iDempiere - Supported by iDempiere community--><!--<!DOCTYPE idempiereTrl PUBLIC "-//ComPiere, Inc.//DTD iDempiere Translation 1.0//EN" "http://www.idempiere.com/dtd/idempiereTrl.dtd">--><idempiereTrl language="in_ID" table="AD_Field">
 <row id="1546" trl="Y">
  <value column="Name" original="Link Column">Kolom Link</value>
  <value column="Description" original="Link Column for Multi-Parent tables">Link Column for Multi-Parent tables</value>
  <value column="Help" original="The Link Column indicates which column is the primary key for those situations where there is more than one parent.  Only define it, if the table has more than one parent column (e.g. AD_User_Roles).">The Link Column indicates which column is the primary key for those situations where there is more than one parent.  Only define it, if the table has more than one parent column (e.g. AD_User_Roles).</value>
 </row>
 <row id="2124" trl="Y">
  <value column="Name" original="Language">Bahasa</value>
  <value column="Description" original="Language for this Business Partner if Multi-Language enabled">Language for this Business Partner if Multi-Language enabled</value>
  <value column="Help" original="The Language identifies the language to use for display and formatting documents. It requires, that on Client level, Multi-Lingual documents are selected and that you have created/loaded the language.">The Language identifies the language to use for display and formatting documents. It requires, that on Client level, Multi-Lingual documents are selected and that you have created/loaded the language.</value>
 </row>
 <row id="3665" trl="Y">
  <value column="Name" original="Start Node">Node Mulai</value>
  <value column="Description" original="Workflow Node, step or process">Workflow Node, step or process</value>
  <value column="Help" original="The Workflow Node indicates a unique step or process in a Workflow.">The Workflow Node indicates a unique step or process in a Workflow.</value>
 </row>
 <row id="4055" trl="Y">
  <value column="Name" original="Tax Amount">Nilai Pajak</value>
  <value column="Description" original="Tax Amount for Credit Card transaction">Tax Amount for Credit Card transaction</value>
  <value column="Help" original="The Tax Amount displays the total tax amount. The tax amount is only used for credit card processing.">The Tax Amount displays the total tax amount. The tax amount is only used for credit card processing.</value>
 </row>
 <row id="4121" trl="Y">
  <value column="Name" original="Account Conversion Date">Tanggal Konversi Akun</value>
  <value column="Description" original="Accounting Conversion Date">Accounting Conversion Date</value>
  <value column="Help" original="The Accounting Date indicates the date to be used on the General Ledger account entries generated from this document. It is also used for any currency conversion.&#10;The Accounting Date on Bank/Cash Statement Line is used for currency conversion and reporting purposes, the accounting is posted using the header date account.">The Accounting Date indicates the date to be used on the General Ledger account entries generated from this document. It is also used for any currency conversion.
The Accounting Date on Bank/Cash Statement Line is used for currency conversion and reporting purposes, the accounting is posted using the header date account.</value>
 </row>
 <row id="4462" trl="Y">
  <value column="Name" original="Business Partner / Sales Rep">Rekan Bisnis/Sales Rep</value>
  <value column="Description" original="Identifies a Business Partner (Sales Rep) receiving the Commission">Identifies a Business Partner (Sales Rep) receiving the Commission</value>
  <value column="Help" original="The Business Partner should be a vendor and may be a Sales Representative">The Business Partner should be a vendor and may be a Sales Representative</value>
 </row>
 <row id="4725" trl="Y">
  <value column="Name" original="Acknowledge">Dikonfirmasi</value>
  <value column="Description" original="System Notice acknowledged">System Notice acknowledged</value>
  <value column="Help" original="The Acknowledged checkbox indicates if this notice does not need to be retained.">The Acknowledged checkbox indicates if this notice does not need to be retained.</value>
 </row>
 <row id="5092" trl="Y">
  <value column="Name" original="Driving Column">Kolom Mengemudi</value>
  <value column="Description" original="Column which controls all tabs in the workbench">Column which controls all tabs in the workbench</value>
  <value column="Help" original=""/>
 </row>
 <row id="5899" trl="Y">
  <value column="Name" original="System Name">Name Sistem</value>
  <value column="Description" original="Name your iDempiere System installation, e.g. Joe Block, Inc.">Name your iDempiere System installation, e.g. Joe Block, Inc.</value>
  <value column="Help" original="The name if the system to differentiate support contracts">The name if the system to differentiate support contracts</value>
 </row>
 <row id="6344" trl="Y">
  <value column="Name" original="Attribute Set Instance">Atribut Instance Set </value>
  <value column="Description" original="Product Attribute Values">Product Attribute Values</value>
  <value column="Help" original="The values of the actual Product Attributes. Product Instance attributes are defined in the actual transactions.">The values of the actual Product Attributes. Product Instance attributes are defined in the actual transactions.</value>
 </row>
 <row id="8985" trl="Y">
  <value column="Name" original="Document No">No Dokumen</value>
  <value column="Description" original="Document sequence number of the document">Document sequence number of the document</value>
  <value column="Help" original="The document number is usually automatically generated by the system and determined by the document type of the document. If the document is not saved, the preliminary number is displayed in &quot;&lt;&gt;&quot;.&#10;&#10;If the document type of your document has no automatic document sequence defined, the field is empty if you create a new document. This is for documents which usually have an external number (like vendor invoice).  If you leave the field empty, the system will generate a document number for you. The document sequence used for this fallback number is defined in the &quot;Maintain Sequence&quot; window with the name &quot;DocumentNo_&lt;TableName&gt;&quot;, where TableName is the actual name of the table (e.g. C_Order)."><![CDATA[The document number is usually automatically generated by the system and determined by the document type of the document. If the document is not saved, the preliminary number is displayed in "<>".

If the document type of your document has no automatic document sequence defined, the field is empty if you create a new document. This is for documents which usually have an external number (like vendor invoice).  If you leave the field empty, the system will generate a document number for you. The document sequence used for this fallback number is defined in the "Maintain Sequence" window with the name "DocumentNo_<TableName>", where TableName is the actual name of the table (e.g. C_Order).]]></value>
 </row>
 <row id="9615" trl="Y">
  <value column="Name" original="Representative/Agent">Perwakilan/Agen</value>
  <value column="Description" original="Sales Representative or Company Agent">Sales Representative or Company Agent</value>
  <value column="Help" original="The Sales Representative indicates the Sales Rep for this Region.  Any Sales Rep must be a valid internal user.">The Sales Representative indicates the Sales Rep for this Region.  Any Sales Rep must be a valid internal user.</value>
 </row>
 <row id="10097" trl="Y">
  <value column="Name" original="Value">Nilai</value>
  <value column="Description" original="Condition Value">Condition Value</value>
  <value column="Help" original=""/>
 </row>
 <row id="10769" trl="Y">
  <value column="Name" original="Schema Type">Jenis Skema</value>
  <value column="Description" original="Type of trade schema calculation">Type of trade schema calculation</value>
  <value column="Help" original="Type of procedure used to calculate the trade schema percentage">Type of procedure used to calculate the trade schema percentage</value>
 </row>
 <row id="10886" trl="Y">
  <value column="Name" original="Overwrite Project">Timpa Proyek</value>
  <value column="Description" original="Overwrite the account segment Project with the value specified">Overwrite the account segment Project with the value specified</value>
  <value column="Help" original="If not overwritten, the value of the original account combination is used. If selected, but not specified, the segment is set to null.">If not overwritten, the value of the original account combination is used. If selected, but not specified, the segment is set to null.</value>
 </row>
 <row id="11799" trl="Y">
  <value column="Name" original="Attribute Set Instance">Atribut Instance Set </value>
  <value column="Description" original="Product Attribute Values">Product Attribute Values</value>
  <value column="Help" original="The values of the actual Product Attributes. Product Instance attributes are defined in the actual transactions.">The values of the actual Product Attributes. Product Instance attributes are defined in the actual transactions.</value>
 </row>
 <row id="12732" trl="Y">
  <value column="Name" original="Language">Bahasa</value>
  <value column="Description" original="Language for this Business Partner if Multi-Language enabled">Language for this Business Partner if Multi-Language enabled</value>
  <value column="Help" original="The Language identifies the language to use for display and formatting documents. It requires, that on Client level, Multi-Lingual documents are selected and that you have created/loaded the language.">The Language identifies the language to use for display and formatting documents. It requires, that on Client level, Multi-Lingual documents are selected and that you have created/loaded the language.</value>
 </row>
 <row id="13179" trl="Y">
  <value column="Name" original="UserName">Nama User</value>
  <value column="Description" original="UserName / Login to use for login">UserName / Login to use for login</value>
  <value column="Help" original="UserName / Login to use for the login&#10;Email of the responsible person for the system (registered in WebStore)">UserName / Login to use for the login
Email of the responsible person for the system (registered in WebStore)</value>
 </row>
 <row id="13424" trl="Y">
  <value column="Name" original="Mandatory Overwrite">Overwrite Mandatori</value>
  <value column="Description" original="Overwrite Field Mandatory status">Overwrite Field Mandatory status</value>
  <value column="Help" original="The field must have a value for the record to be saved to the database.">The field must have a value for the record to be saved to the database.</value>
 </row>
 <row id="13425" trl="Y">
  <value column="Name" original="Reference Overwrite">Reference Overwrite</value>
  <value column="Description" original="System Reference - optional Overwrite">System Reference - optional Overwrite</value>
  <value column="Help" original="You can overwrite the Display Type, but only use this if you aware of the consequences.">You can overwrite the Display Type, but only use this if you aware of the consequences.</value>
 </row>
 <row id="13755" trl="Y">
  <value column="Name" original="Search Key">Kode</value>
  <value column="Description" original="Search key for the record in the format required">Search key for the record in the format required</value>
  <value column="Help" original="7 bit lower case alpha numeric - max length 8 - can be used for operating system names.">7 bit lower case alpha numeric - max length 8 - can be used for operating system names.</value>
 </row>
 <row id="50066" trl="Y">
  <value column="Name" original="AD_Package_Exp_ID">AD_Package_Exp_ID</value>
  <value column="Description" original=""/>
  <value column="Help" original=""/>
 </row>
 <row id="50067" trl="Y">
  <value column="Name" original="Processed">Diproses</value>
  <value column="Description" original=""/>
  <value column="Help" original=""/>
 </row>
 <row id="50068" trl="Y">
  <value column="Name" original="IsActive">Aktif</value>
  <value column="Description" original=""/>
  <value column="Help" original=""/>
 </row>
 <row id="50069" trl="Y">
  <value column="Name" original="Client">Klien</value>
  <value column="Description" original=""/>
  <value column="Help" original=""/>
 </row>
 <row id="50070" trl="Y">
  <value column="Name" original="Organization">Organisasi</value>
  <value column="Description" original=""/>
  <value column="Help" original=""/>
 </row>
 <row id="50071" trl="Y">
  <value column="Name" original="Name of Package">Nama Paket</value>
  <value column="Description" original="Name of Package">Name of Package</value>
  <value column="Help" original=""/>
 </row>
 <row id="50075" trl="Y">
  <value column="Name" original="Creation Directory">Direktori Pengerjaan</value>
  <value column="Description" original=""/>
  <value column="Help" original=""/>
 </row>
 <row id="50076" trl="Y">
  <value column="Name" original="Created By">Dibuat oleh</value>
  <value column="Description" original="User who created the package">User who created the package</value>
  <value column="Help" original=""/>
 </row>
 <row id="50077" trl="Y">
  <value column="Name" original="Create Date">Tanggal Buat</value>
  <value column="Description" original="Date when Package was created">Date when Package was created</value>
  <value column="Help" original=""/>
 </row>
 <row id="50080" trl="Y">
  <value column="Name" original="Processed By">Diproses Oleh</value>
  <value column="Description" original="User who Processed the package">User who Processed the package</value>
  <value column="Help" original=""/>
 </row>
 <row id="50081" trl="Y">
  <value column="Name" original="Processed Date">Tanggal Proses</value>
  <value column="Description" original="Date when the package was processed">Date when the package was processed</value>
  <value column="Help" original=""/>
 </row>
 <row id="50082" trl="Y">
  <value column="Name" original="Description of Package">Deskripsi Paket</value>
  <value column="Description" original=""/>
  <value column="Help" original=""/>
 </row>
 <row id="50085" trl="Y">
  <value column="Name" original="Export Package">Paket Ekspor</value>
  <value column="Description" original=""/>
  <value column="Help" original=""/>
 </row>
 <row id="50086" trl="Y">
  <value column="Name" original="AD_Package_Exp_Detail_ID">AD_Package_Exp_Detail_ID</value>
  <value column="Description" original=""/>
  <value column="Help" original=""/>
 </row>
 <row id="50087" trl="Y">
  <value column="Name" original="Item Name">Nama Item</value>
  <value column="Description" original=""/>
  <value column="Help" original=""/>
 </row>
 <row id="50088" trl="Y">
  <value column="Name" original="Processing">Proses</value>
  <value column="Description" original=""/>
  <value column="Help" original=""/>
 </row>
 <row id="50089" trl="Y">
  <value column="Name" original="IsActive">Aktif</value>
  <value column="Description" original=""/>
  <value column="Help" original=""/>
 </row>
 <row id="50090" trl="Y">
  <value column="Name" original="Processed">Diproses</value>
  <value column="Description" original=""/>
  <value column="Help" original=""/>
 </row>
 <row id="50091" trl="Y">
  <value column="Name" original="Package Build ID">ID Paket Build</value>
  <value column="Description" original=""/>
  <value column="Help" original=""/>
 </row>
 <row id="50092" trl="Y">
  <value column="Name" original="Client">Klien</value>
  <value column="Description" original=""/>
  <value column="Help" original=""/>
 </row>
 <row id="50093" trl="Y">
  <value column="Name" original="Organization">Organisasi</value>
  <value column="Description" original=""/>
  <value column="Help" original=""/>
 </row>
 <row id="50096" trl="Y">
  <value column="Name" original="Type">Jenis</value>
  <value column="Description" original=""/>
  <value column="Help" original=""/>
 </row>
 <row id="50097" trl="Y">
  <value column="Name" original="Menu">Menu</value>
  <value column="Description" original=""/>
  <value column="Help" original=""/>
 </row>
 <row id="50099" trl="Y">
  <value column="Name" original="Source File Directory">Direktori Sumber File</value>
  <value column="Description" original="Current location of source file">Current location of source file</value>
  <value column="Help" original=""/>
 </row>
 <row id="50103" trl="Y">
  <value column="Name" original="Table">Tabel</value>
  <value column="Description" original=""/>
  <value column="Help" original=""/>
 </row>
 <row id="50108" trl="Y">
  <value column="Name" original="Form">Form</value>
  <value column="Description" original=""/>
  <value column="Help" original=""/>
 </row>
 <row id="50109" trl="Y">
  <value column="Name" original="Process">Proses</value>
  <value column="Description" original=""/>
  <value column="Help" original=""/>
 </row>
 <row id="50110" trl="Y">
  <value column="Name" original="Workflow">Workflow</value>
  <value column="Description" original=""/>
  <value column="Help" original=""/>
 </row>
 <row id="50112" trl="Y">
  <value column="Name" original="Workbench">Meja Kerja</value>
  <value column="Description" original=""/>
  <value column="Help" original=""/>
 </row>
 <row id="50117" trl="Y">
  <value column="Name" original="Notes">Catatan</value>
  <value column="Description" original=""/>
  <value column="Help" original=""/>
 </row>
 <row id="50166" trl="Y">
  <value column="Name" original="Configured Value">Nilai Konfigurasi</value>
  <value column="Description" original="Value for the configuration key">Value for the configuration key</value>
  <value column="Help" original="You can check the valid variables and values at http://wiki.idempiere.org/en/System_Configurator_(Window_ID-50006)">You can check the valid variables and values at http://wiki.idempiere.org/en/System_Configurator_(Window_ID-50006)</value>
 </row>
 <row id="53360" trl="Y">
  <value column="Name" original="Value">Nilai</value>
  <value column="Description" original="Condition Value">Condition Value</value>
  <value column="Help" original=""/>
 </row>
 <row id="53375" trl="Y">
  <value column="Name" original="Resource">Sumber Daya</value>
  <value column="Description" original="Resource">Resource</value>
  <value column="Help" original="Select the manufacturing resource (previously defined) where you want to execute the operation. For the product costing, the Resource rate is taken from the cost element introduced in the window Product Costing.">Select the manufacturing resource (previously defined) where you want to execute the operation. For the product costing, the Resource rate is taken from the cost element introduced in the window Product Costing.</value>
 </row>
 <row id="53378" trl="Y">
  <value column="Name" original="Business Partner ">Rekan Bisnis</value>
  <value column="Description" original="Identifies a Business Partner to Subcontrating">Identifies a Business Partner to Subcontrating</value>
  <value column="Help" original="A Business Partner is anyone with whom you transact.  This can include Vendor, Customer, Employee or Salesperson">A Business Partner is anyone with whom you transact.  This can include Vendor, Customer, Employee or Salesperson</value>
 </row>
 <row id="53380" trl="Y">
  <value column="Name" original="Valid from">Berlaku dari</value>
  <value column="Description" original="Valid from including this date (first day)">Valid from including this date (first day)</value>
  <value column="Help" original="The Valid From date indicates the first day of a date range.&#10;When you enter dates in the fields Valid From - To we give the the period of time where this operation will have to be considered for the elaboration of the product.">The Valid From date indicates the first day of a date range.
When you enter dates in the fields Valid From - To we give the the period of time where this operation will have to be considered for the elaboration of the product.</value>
 </row>
 <row id="53381" trl="Y">
  <value column="Name" original="Valid to">Sampai</value>
  <value column="Description" original="Valid to including this date (last day)">Valid to including this date (last day)</value>
  <value column="Help" original="The Valid To date indicates the last day of a date range&#10;When you enter dates in the fields Valid From - To we give the the period of time where this operation will have to be considered for the elaboration of the product.">The Valid To date indicates the last day of a date range
When you enter dates in the fields Valid From - To we give the the period of time where this operation will have to be considered for the elaboration of the product.</value>
 </row>
 <row id="53449" trl="Y">
  <value column="Name" original="Start Node">Node Mulai</value>
  <value column="Description" original="Workflow Node step or process">Workflow Node step or process</value>
  <value column="Help" original="The Workflow Node indicates a unique step or process in a Workflow.">The Workflow Node indicates a unique step or process in a Workflow.</value>
 </row>
 <row id="53480" trl="Y">
  <value column="Name" original="Copy BOM Lines From">Copi baris BOM dari</value>
  <value column="Description" original="Copy BOM Lines from an exising BOM">Copy BOM Lines from an exising BOM</value>
  <value column="Help" original="Copy BOM Lines from an exising BOM. The BOM being copied to, must not have any existing BOM Lines.">Copy BOM Lines from an exising BOM. The BOM being copied to, must not have any existing BOM Lines.</value>
 </row>
 <row id="53490" trl="Y">
  <value column="Name" original="Valid from">Berlaku dari</value>
  <value column="Description" original="Valid from including this date (first day)">Valid from including this date (first day)</value>
  <value column="Help" original="The Valid From date indicates the first day of a date range&#10;&#10;The Valid From and Valid To dates indicate the valid time period to use the BOM in a Manufacturing Order.">The Valid From date indicates the first day of a date range

The Valid From and Valid To dates indicate the valid time period to use the BOM in a Manufacturing Order.</value>
 </row>
 <row id="53512" trl="Y">
  <value column="Name" original="Warehouse">Gudang</value>
  <value column="Description" original="Storage Warehouse and Service Point">Storage Warehouse and Service Point</value>
  <value column="Help" original="The Warehouse identifies a unique Warehouse where products are stored or Services are provided.&#10;&#10;Warehouse place where you locate and control the products">The Warehouse identifies a unique Warehouse where products are stored or Services are provided.

Warehouse place where you locate and control the products</value>
 </row>
 <row id="53513" trl="Y">
  <value column="Name" original="Resource">Sumber Daya</value>
  <value column="Description" original="Resource">Resource</value>
  <value column="Help" original="A manufacturing resource is a place where a product will be made.">A manufacturing resource is a place where a product will be made.</value>
 </row>
 <row id="53517" trl="Y">
  <value column="Name" original="BOM &amp; Formula"><![CDATA[BOM & Formula]]></value>
  <value column="Description" original=""/>
  <value column="Help" original="The name BOM/Formula that you introduce in this window will be considered the default BOM to produce the product in this Organization-Plant-Warehouse. If you do not fill this field the default BOM &amp; Formula for the entity will be the BOM/Formula which has the same name as the product."><![CDATA[The name BOM/Formula that you introduce in this window will be considered the default BOM to produce the product in this Organization-Plant-Warehouse. If you do not fill this field the default BOM & Formula for the entity will be the BOM/Formula which has the same name as the product.]]></value>
 </row>
 <row id="53518" trl="Y">
  <value column="Name" original="Workflow">Workflow</value>
  <value column="Description" original="Workflow or combination of tasks">Workflow or combination of tasks</value>
  <value column="Help" original="The Workflow field identifies a unique Workflow in the system.&#10;&#10;The Workflow you introduce in this window will be considered the default Workflow to produce the product in this Organization-Plant-Warehouse. If you do not fill this field the defaul Workflow for the entity will be the Workflow with the same name as the product.">The Workflow field identifies a unique Workflow in the system.

The Workflow you introduce in this window will be considered the default Workflow to produce the product in this Organization-Plant-Warehouse. If you do not fill this field the defaul Workflow for the entity will be the Workflow with the same name as the product.</value>
 </row>
 <row id="53523" trl="Y">
  <value column="Name" original="Promised Delivery Time">Waktu Dijanjikan  Pengiriman</value>
  <value column="Description" original="Promised days between order and delivery">Promised days between order and delivery</value>
  <value column="Help" original="The Promised Delivery Time indicates the number of days between the order date and the date that delivery was promised.&#10;&#10;You must enter the average number of days to receive the product in the warehouse since you approve the requisition or manufacturing order until you receive the material in the warehouse . If the product is bought you must register the calendar days required since you make the PO until you receive the material in the warehouse. If the product is manufactured in your plant you must register the number of working days since you release the MO until you receive the material in the warehouse.">The Promised Delivery Time indicates the number of days between the order date and the date that delivery was promised.

You must enter the average number of days to receive the product in the warehouse since you approve the requisition or manufacturing order until you receive the material in the warehouse . If the product is bought you must register the calendar days required since you make the PO until you receive the material in the warehouse. If the product is manufactured in your plant you must register the number of working days since you release the MO until you receive the material in the warehouse.</value>
 </row>
 <row id="53533" trl="Y">
  <value column="Name" original="Working Time">Waktu Kerja</value>
  <value column="Description" original="Workflow Simulation Execution Time">Workflow Simulation Execution Time</value>
  <value column="Help" original="Amount of time the performer of the activity needs to perform the task in Duration Unit&#10;&#10;In the field Working Time you enter the accumulated time (using the Promising Delivery Time) in the critical path of the BOM for this product. It is the required time to produce the product as if you would not have any component on hand.">Amount of time the performer of the activity needs to perform the task in Duration Unit

In the field Working Time you enter the accumulated time (using the Promising Delivery Time) in the critical path of the BOM for this product. It is the required time to produce the product as if you would not have any component on hand.</value>
 </row>
 <row id="53653" trl="Y">
  <value column="Name" original="Acknowledge">Dikonfirmasi</value>
  <value column="Description" original="System Notice acknowledged">System Notice acknowledged</value>
  <value column="Help" original="The Acknowledged checkbox indicates if this notice does not need to be retained.">The Acknowledged checkbox indicates if this notice does not need to be retained.</value>
 </row>
 <row id="53742" trl="Y">
  <value column="Name" original="Accumulated Qty">Jumlah Akumulasi</value>
  <value column="Description" original="Total Quantity">Total Quantity</value>
  <value column="Help" original="Sum of the quantities&#10;&#10;This field shows the sum of the quantities of the product that have had movements.">Sum of the quantities

This field shows the sum of the quantities of the product that have had movements.</value>
 </row>
 <row id="53744" trl="Y">
  <value column="Name" original="Accumulated Amt">Nilai Akumulasi</value>
  <value column="Description" original="Total Amount">Total Amount</value>
  <value column="Help" original="Sum of all amounts&#10;&#10;This field shows the sum of the amounts of the product that have had movements.">Sum of all amounts

This field shows the sum of the amounts of the product that have had movements.</value>
 </row>
 <row id="53904" trl="Y">
  <value column="Name" original="Version No">Versi</value>
  <value column="Description" original=""/>
  <value column="Help" original=""/>
 </row>
 <row id="54035" trl="Y">
  <value column="Name" original="Ordered Quantity">Jumlah Order</value>
  <value column="Description" original="Ordered Quantity">Ordered Quantity</value>
  <value column="Help" original="The Ordered Quantity indicates the quantity of a product that was ordered.">The Ordered Quantity indicates the quantity of a product that was ordered.</value>
 </row>
 <row id="54038" trl="Y">
  <value column="Name" original="Instance">Contoh</value>
  <value column="Description" original="Product Attribute Set Instance">Product Attribute Set Instance</value>
  <value column="Help" original="The values of the actual Product Attribute Instances.  The product level attributes are defined on Product level.">The values of the actual Product Attribute Instances.  The product level attributes are defined on Product level.</value>
 </row>
 <row id="54039" trl="Y">
  <value column="Name" original="Instance To">Instance To</value>
  <value column="Description" original="Target Product Attribute Set Instance">Target Product Attribute Set Instance</value>
  <value column="Help" original=""/>
 </row>
 <row id="54133" trl="Y">
  <value column="Name" original="Resource/Plant">Resource/Plant</value>
  <value column="Description" original="Resource/Plant">Resource/Plant</value>
  <value column="Help" original=""/>
 </row>
 <row id="54139" trl="Y">
  <value column="Name" original="Date Ordered">Tanggal Order</value>
  <value column="Description" original="Date of Order">Date of Order</value>
  <value column="Help" original="Indicates the Date an item was ordered.&#10;Date Ordered is the date when the order was generated. If the MO is created manually the default date ordered is the system date. If the MO was generated by MRP the default date ordered is the day of the MRP process.">Indicates the Date an item was ordered.
Date Ordered is the date when the order was generated. If the MO is created manually the default date ordered is the system date. If the MO was generated by MRP the default date ordered is the day of the MRP process.</value>
 </row>
 <row id="54140" trl="Y">
  <value column="Name" original="Date Promised">Tanggal Dijanjikan</value>
  <value column="Description" original="Date Order was promised">Date Order was promised</value>
  <value column="Help" original="The Date Promised indicates the date, if any, that an Order was promised for.&#10;Date Promised Is the date we commit to give the order to the warehouse. If the MO is created manually the default date promised is the system date. If the MO was generated by MRP this date is filled automatically using its algorithm calculation.">The Date Promised indicates the date, if any, that an Order was promised for.
Date Promised Is the date we commit to give the order to the warehouse. If the MO is created manually the default date promised is the system date. If the MO was generated by MRP this date is filled automatically using its algorithm calculation.</value>
 </row>
 <row id="54145" trl="Y">
  <value column="Name" original="Date Start">Tanggal Mulai</value>
  <value column="Description" original="Indicate the real date to start">Indicate the real date to start</value>
  <value column="Help" original="It is the date when the first manufacturing order movement is reported, this movement can be an inventory or labor movement.">It is the date when the first manufacturing order movement is reported, this movement can be an inventory or labor movement.</value>
 </row>
 <row id="54146" trl="Y">
  <value column="Name" original="Finish Date">Tanggal Selesai</value>
  <value column="Description" original="Finish or (planned) completion date">Finish or (planned) completion date</value>
  <value column="Help" original="The finish date is used to indicate when the project is expected to be completed or has been completed.&#10;&#10;To Manufacturing Order is the date when the last manufacturing order movement is reported, It is the closing order date.">The finish date is used to indicate when the project is expected to be completed or has been completed.

To Manufacturing Order is the date when the last manufacturing order movement is reported, It is the closing order date.</value>
 </row>
 <row id="54196" trl="Y">
  <value column="Name" original="Company Agent">Agen Perusahaan</value>
  <value column="Description" original="Company Agent">Company Agent</value>
  <value column="Help" original="Company Agent to Distribution Order">Company Agent to Distribution Order</value>
 </row>
 <row id="54205" trl="Y">
  <value column="Name" original="Transit Warehouse">Gudang Transit</value>
  <value column="Description" original="Storage Warehouse and Service Point">Storage Warehouse and Service Point</value>
  <value column="Help" original="The Warehouse identifies a unique Warehouse where products are stored or Services are provided.">The Warehouse identifies a unique Warehouse where products are stored or Services are provided.</value>
 </row>
 <row id="54381" trl="Y">
  <value column="Name" original="Target Warehouse">Gudang Target</value>
  <value column="Description" original="Target Warehouse and Service Point">Target Warehouse and Service Point</value>
  <value column="Help" original="The Warehouse identifies a unique Warehouse where products are stored or Services are provided.">The Warehouse identifies a unique Warehouse where products are stored or Services are provided.</value>
 </row>
 <row id="55187" trl="Y">
  <value column="Name" original="Create from a Window">Buat dari Window</value>
  <value column="Description" original=""/>
  <value column="Help" original=""/>
 </row>
 <row id="56011" trl="Y">
  <value column="Name" original="Current Period">Periode Berjalan</value>
  <value column="Description" original=""/>
  <value column="Help" original=""/>
 </row>
 <row id="56190" trl="Y">
  <value column="Name" original="Period 1 %">Periode 1 %</value>
  <value column="Description" original=""/>
  <value column="Help" original=""/>
 </row>
 <row id="56191" trl="Y">
  <value column="Name" original="Period 2 %">Periode 2 %</value>
  <value column="Description" original=""/>
  <value column="Help" original=""/>
 </row>
 <row id="56192" trl="Y">
  <value column="Name" original="Period 3 %">Periode 3 %</value>
  <value column="Description" original=""/>
  <value column="Help" original=""/>
 </row>
 <row id="56193" trl="Y">
  <value column="Name" original="Period 4 %">Periode 4 %</value>
  <value column="Description" original=""/>
  <value column="Help" original=""/>
 </row>
 <row id="56194" trl="Y">
  <value column="Name" original="Period 5 %">Periode 5 %</value>
  <value column="Description" original=""/>
  <value column="Help" original=""/>
 </row>
 <row id="56195" trl="Y">
  <value column="Name" original="Period 6 %">Periode 6 %</value>
  <value column="Description" original=""/>
  <value column="Help" original=""/>
 </row>
 <row id="56196" trl="Y">
  <value column="Name" original="Period 7 %">Periode 7 %</value>
  <value column="Description" original=""/>
  <value column="Help" original=""/>
 </row>
 <row id="56197" trl="Y">
  <value column="Name" original="Period 8 %">Periode 8 %</value>
  <value column="Description" original=""/>
  <value column="Help" original=""/>
 </row>
 <row id="56198" trl="Y">
  <value column="Name" original="Period 9 %">Periode 9 %</value>
  <value column="Description" original=""/>
  <value column="Help" original=""/>
 </row>
 <row id="56199" trl="Y">
  <value column="Name" original="Period 10 %">Periode 10 %</value>
  <value column="Description" original=""/>
  <value column="Help" original=""/>
 </row>
 <row id="56200" trl="Y">
  <value column="Name" original="Period 11 %">Periode 11 %</value>
  <value column="Description" original=""/>
  <value column="Help" original=""/>
 </row>
 <row id="56201" trl="Y">
  <value column="Name" original="Period 12 %">Periode 12 %</value>
  <value column="Description" original=""/>
  <value column="Help" original=""/>
 </row>
 <row id="56202" trl="Y">
  <value column="Name" original="Period 13 %">Periode 13 %</value>
  <value column="Description" original=""/>
  <value column="Help" original=""/>
 </row>
 <row id="56203" trl="Y">
  <value column="Name" original="Period 14 %">Periode 14 %</value>
  <value column="Description" original=""/>
  <value column="Help" original=""/>
 </row>
 <row id="56207" trl="Y">
  <value column="Name" original="Script">Skrip</value>
  <value column="Description" original=""/>
  <value column="Help" original=""/>
 </row>
 <row id="56210" trl="Y">
  <value column="Name" original="Name">Nama</value>
  <value column="Description" original=""/>
  <value column="Help" original=""/>
 </row>
 <row id="57331" trl="Y">
  <value column="Name" original="Acknowledge">Dikonfirmasi</value>
  <value column="Description" original="System Notice acknowledged">System Notice acknowledged</value>
  <value column="Help" original="The Acknowledged checkbox indicates if this notice does not need to be retained.">The Acknowledged checkbox indicates if this notice does not need to be retained.</value>
 </row>
 <row id="57761" trl="Y">
  <value column="Name" original="Customer Return">Retur Pelanggan</value>
  <value column="Description" original="Customer Return Document">Customer Return Document</value>
  <value column="Help" original="The Customer Return">The Customer Return</value>
 </row>
 <row id="57900" trl="Y">
  <value column="Name" original="Return to Vendor">Retur ke Vendor</value>
  <value column="Description" original="Return to Vendor Document">Return to Vendor Document</value>
  <value column="Help" original="The Return to Vendor">The Return to Vendor</value>
 </row>
 <row id="57987" trl="Y">
  <value column="Name" original="Search Key">Kode</value>
  <value column="Description" original="Search key for the record in the format required">Search key for the record in the format required</value>
  <value column="Help" original="7 bit lower case alpha numeric - max length 8 - can be used for operating system names.">7 bit lower case alpha numeric - max length 8 - can be used for operating system names.</value>
 </row>
 <row id="58101" trl="Y">
  <value column="Name" original="Copy BOM Lines From">Copi baris BOM dari</value>
  <value column="Description" original="Copy BOM Lines from an exising BOM">Copy BOM Lines from an exising BOM</value>
  <value column="Help" original="Copy BOM Lines from an exising BOM. The BOM being copied to, must not have any existing BOM Lines.">Copy BOM Lines from an exising BOM. The BOM being copied to, must not have any existing BOM Lines.</value>
 </row>
 <row id="58114" trl="Y">
  <value column="Name" original="Valid from">Berlaku dari</value>
  <value column="Description" original="Valid from including this date (first day)">Valid from including this date (first day)</value>
  <value column="Help" original="The Valid From date indicates the first day of a date range&#10;&#10;The Valid From and Valid To dates indicate the valid time period to use the BOM in a Manufacturing Order.">The Valid From date indicates the first day of a date range

The Valid From and Valid To dates indicate the valid time period to use the BOM in a Manufacturing Order.</value>
 </row>
 <row id="58771" trl="Y">
  <value column="Name" original="Import Product Planning Data">Impor Data Perencanaan Produk</value>
  <value column="Description" original=""/>
  <value column="Help" original=""/>
 </row>
 <row id="59028" trl="Y">
  <value column="Name" original="Account Date">Tanggal Posting</value>
  <value column="Description" original="Accounting Date">Accounting Date</value>
  <value column="Help" original="The Accounting Date indicates the date to be used on the General Ledger account entries generated from this document. It is also used for any currency conversion.">The Accounting Date indicates the date to be used on the General Ledger account entries generated from this document. It is also used for any currency conversion.</value>
 </row>
 <row id="59306" trl="Y">
  <value column="Name" original="ID">ID</value>
  <value column="Description" original=""/>
  <value column="Help" original=""/>
 </row>
 <row id="59449" trl="Y">
  <value column="Name" original="Import Inventory Move">Impor Pergerakan Persediaan</value>
  <value column="Description" original=""/>
  <value column="Help" original=""/>
 </row>
 <row id="59499" trl="Y">
  <value column="Name" original="Import Fixed Asset">Impor Aktiva Tetap</value>
  <value column="Description" original=""/>
  <value column="Help" original=""/>
 </row>
 <row id="59500" trl="Y">
  <value column="Name" original="Processed">Diproses</value>
  <value column="Description" original="The document has been processed">The document has been processed</value>
  <value column="Help" original="The Processed checkbox indicates that a document has been processed.">The Processed checkbox indicates that a document has been processed.</value>
 </row>
 <row id="59822" trl="Y">
  <value column="Name" original="Attribute Set Instance">Atribut Instance Set </value>
  <value column="Description" original="Product Attribute Values">Product Attribute Values</value>
  <value column="Help" original="The values of the actual Product Attributes. Product Instance attributes are defined in the actual transactions.">The values of the actual Product Attributes. Product Instance attributes are defined in the actual transactions.</value>
 </row>
 <row id="60944" trl="Y">
  <value column="Name" original="Copy From Cash Plan">Salin Dari Cash Plan</value>
  <value column="Description" original="Copy From Another Cash Plan">Copy From Another Cash Plan</value>
  <value column="Help" original="Copy From Another Cash Plan">Copy From Another Cash Plan</value>
 </row>
 <row id="62015" trl="Y">
  <value column="Name" original="Create/Update Production lines">Buat/Perbarui Baris Produksi</value>
  <value column="Description" original="Process which will create production lines based on BOM, or recreate with an optional adjusted quantity">Process which will create production lines based on BOM, or recreate with an optional adjusted quantity</value>
  <value column="Help" original=""/>
 </row>
 <row id="62016" trl="Y">
  <value column="Name" original="Complete Production">Produksi Selesai</value>
  <value column="Description" original="Complete Production">Complete Production</value>
  <value column="Help" original="Indication that this is complete">Indication that this is complete</value>
 </row>
 <row id="62236" trl="Y">
  <value column="Name" original="Sales Rep Name">Nama Sales Rep</value>
  <value column="Description" original="Sales Representative Name">Sales Representative Name</value>
  <value column="Help" original="The name of the sales rep that this dashboard relates to.">The name of the sales rep that this dashboard relates to.</value>
 </row>
 <row id="62779" trl="Y">
  <value column="Name" original="Language">Bahasa</value>
  <value column="Description" original="Language for this Business Partner if Multi-Language enabled">Language for this Business Partner if Multi-Language enabled</value>
  <value column="Help" original="The Language identifies the language to use for display and formatting documents. It requires, that on Client level, Multi-Lingual documents are selected and that you have created/loaded the language.">The Language identifies the language to use for display and formatting documents. It requires, that on Client level, Multi-Lingual documents are selected and that you have created/loaded the language.</value>
 </row>
 <row id="62991" trl="Y">
  <value column="Name" original="Expected Close">Tanggal Tutup Diharapkan</value>
  <value column="Description" original="Expected Close">Expected Close</value>
  <value column="Help" original="The Expected Close Date indicates the expected last or final date">The Expected Close Date indicates the expected last or final date</value>
 </row>
 <row id="200585" trl="Y">
  <value column="Name" original="Only Currency">Hanya Mata Uang</value>
  <value column="Description" original="Restrict accepting only this currency">Restrict accepting only this currency</value>
  <value column="Help" original="The Only Currency field indicates that this bank account accepts only the currency identified here.">The Only Currency field indicates that this bank account accepts only the currency identified here.</value>
 </row>
 <row id="200723" trl="Y">
  <value column="Name" original="Void It">Batalkan</value>
  <value column="Description" original=""/>
  <value column="Help" original=""/>
 </row>
 <row id="200816" trl="Y">
  <value column="Name" original="Only Currency">Hanya Mata Uang</value>
  <value column="Description" original="Restrict accepting only this currency">Restrict accepting only this currency</value>
  <value column="Help" original="The Only Currency field indicates that this bank account accepts only the currency identified here.">The Only Currency field indicates that this bank account accepts only the currency identified here.</value>
 </row>
 <row id="200858" trl="Y">
  <value column="Name" original="Reference Overwrite">Reference Overwrite</value>
  <value column="Description" original="System Reference - optional Overwrite">System Reference - optional Overwrite</value>
  <value column="Help" original="You can overwrite the Display Type, but only use this if you aware of the consequences.">You can overwrite the Display Type, but only use this if you aware of the consequences.</value>
 </row>
 <row id="200948" trl="Y">
  <value column="Name" original="Attachment Store">Tempat Lampiran</value>
  <value column="Description" original=""/>
  <value column="Help" original=""/>
 </row>
 <row id="201245" trl="Y">
  <value column="Name" original="Ship Date (For FedEx only)">Ship Date (For FedEx only)</value>
  <value column="Description" original="Shipment Date/Time">Shipment Date/Time</value>
  <value column="Help" original="Actual Date/Time of Shipment (pick up)">Actual Date/Time of Shipment (pick up)</value>
 </row>
 <row id="201255" trl="Y">
  <value column="Name" original="Duties Shipper Account (For FedEx only)">Petugas Pengirim(Untuk FedEx saja)</value>
  <value column="Description" original=""/>
  <value column="Help" original=""/>
 </row>
 <row id="201256" trl="Y">
  <value column="Name" original="Partner Location (For UPS only)">Lokasi Partner(untuk UPS saja)</value>
  <value column="Description" original="Identifies the (ship to) address for this Business Partner">Identifies the (ship to) address for this Business Partner</value>
  <value column="Help" original="The Partner address indicates the location of a Business Partner">The Partner address indicates the location of a Business Partner</value>
 </row>
 <row id="201262" trl="Y">
  <value column="Name" original="Future Day Shipment (For FedEx only)">Future Day Shipment (For FedEx only)</value>
  <value column="Description" original=""/>
  <value column="Help" original=""/>
 </row>
 <row id="201264" trl="Y">
  <value column="Name" original="Home Delivery Premium Type (For FedEx only)">Home Delivery Premium Type (For FedEx only)</value>
  <value column="Description" original=""/>
  <value column="Help" original=""/>
 </row>
 <row id="201265" trl="Y">
  <value column="Name" original="Phone Number (For FedEx only)">Phone Number (For FedEx only)</value>
  <value column="Description" original=""/>
  <value column="Help" original=""/>
 </row>
 <row id="201266" trl="Y">
  <value column="Name" original="Date (For FedEx only)">Tanggal (Untuk FedEx saja)</value>
  <value column="Description" original=""/>
  <value column="Help" original=""/>
 </row>
 <row id="201267" trl="Y">
  <value column="Name" original="Hazardous Materials (For FedEx only)">Bahan Berbahaya ( Untuk FedEx saja)</value>
  <value column="Description" original=""/>
  <value column="Help" original=""/>
 </row>
 <row id="201268" trl="Y">
  <value column="Name" original="Dot Hazard Class or Division (For FedEx only)">Dot Hazard Class or Division (For FedEx only)</value>
  <value column="Description" original=""/>
  <value column="Help" original=""/>
 </row>
 <row id="201269" trl="Y">
  <value column="Name" original="Cargo Aircraft Only (For FedEx only)">Hanya Cargo Aircraft (Untuk FedEx saja)</value>
  <value column="Description" original=""/>
  <value column="Help" original=""/>
 </row>
 <row id="201270" trl="Y">
  <value column="Name" original="Accessible (For FedEx only)">Accessible (For FedEx only)</value>
  <value column="Description" original=""/>
  <value column="Help" original=""/>
 </row>
 <row id="201271" trl="Y">
  <value column="Name" original="Dry Ice (For FedEx only)">Dry Ice (For FedEx only)</value>
  <value column="Description" original=""/>
  <value column="Help" original=""/>
 </row>
 <row id="201272" trl="Y">
  <value column="Name" original="Dry Ice Weight (For FedEx only)">Dry Ice Weight (For FedEx only)</value>
  <value column="Description" original=""/>
  <value column="Help" original=""/>
 </row>
 <row id="201273" trl="Y">
  <value column="Name" original="Hold At Location (For FedEx only)">Hold At Location (For FedEx only)</value>
  <value column="Description" original=""/>
  <value column="Help" original=""/>
 </row>
 <row id="201274" trl="Y">
  <value column="Name" original="Hold Address (For FedEx only)">Hold Address (FedEx)</value>
  <value column="Description" original=""/>
  <value column="Help" original=""/>
 </row>
 <row id="201354" trl="Y">
  <value column="Name" original="Added Handling (For UPS only)">Added Handling (For UPS only)</value>
  <value column="Description" original=""/>
  <value column="Help" original=""/>
 </row>
 <row id="201355" trl="Y">
  <value column="Name" original="Delivery Confirmation Type (For FedEx only)">Delivery Confirmation Type (For FedEx only)</value>
  <value column="Description" original=""/>
  <value column="Help" original=""/>
 </row>
 <row id="201358" trl="Y">
  <value column="Name" original="Verbal Confirmation (For UPS only)">Konfirmasi Lisan ( Untuk UPS saja)</value>
  <value column="Description" original=""/>
  <value column="Help" original=""/>
 </row>
 <row id="202210" trl="Y">
  <value column="Name" original="Index Validate">Validasi Indeks</value>
  <value column="Description" original=""/>
  <value column="Help" original=""/>
 </row>
 <row id="202252" trl="Y">
  <value column="Name" original="View Validate">Validasi View</value>
  <value column="Description" original=""/>
  <value column="Help" original=""/>
 </row>
 <row id="202325" trl="Y">
  <value column="Name" original="Cost Adjustment">Penyesuaian Costing</value>
  <value column="Description" original="Inventory Cost Adjustment">Inventory Cost Adjustment</value>
  <value column="Help" original="The Inventory Cost Adjustment document allows user to enter cost adjustment for products">The Inventory Cost Adjustment document allows user to enter cost adjustment for products</value>
 </row>
 <row id="202443" trl="Y">
  <value column="Name" original="Purchase Order Line">Baris Order Pembelian</value>
  <value column="Description" original="Purchase Order Line">Purchase Order Line</value>
  <value column="Help" original="The Purchase Order Line is a unique identifier for a line in an order.">The Purchase Order Line is a unique identifier for a line in an order.</value>
 </row>
 <row id="202941" trl="Y">
  <value column="Name" original="Previous Years Revenue">Tahun Pendapatan Sebelumnya</value>
  <value column="Description" original=""/>
  <value column="Help" original=""/>
 </row>
 <row id="202943" trl="Y">
  <value column="Name" original="Previous Months Revenue">Pendapatan Bulan Sebelumnya </value>
  <value column="Description" original=""/>
  <value column="Help" original=""/>
 </row>
 <row id="202944" trl="Y">
  <value column="Name" original="Stop Excess?">Berhenti Ketika Lebih?</value>
  <value column="Description" original="If not, write to Notice table">If not, write to Notice table</value>
  <value column="Help" original="Yes, will stop process when limit is reached, or No, will write to a Notice for logging.">Yes, will stop process when limit is reached, or No, will write to a Notice for logging.</value>
 </row>
 <row id="202945" trl="Y">
  <value column="Name" original="Budget Trend">Tren Anggaran</value>
  <value column="Description" original=""/>
  <value column="Help" original=""/>
 </row>
 <row id="202946" trl="Y">
  <value column="Name" original="Includes Invoices">Termasuk Invoice</value>
  <value column="Description" original=""/>
  <value column="Help" original=""/>
 </row>
 <row id="202947" trl="Y">
  <value column="Name" original="Prorata">Prorata</value>
  <value column="Description" original=""/>
  <value column="Help" original=""/>
 </row>
 <row id="202948" trl="Y">
  <value column="Name" original="Includes Payment">Termasuk Pembayaran</value>
  <value column="Description" original=""/>
  <value column="Help" original=""/>
 </row>
 <row id="202949" trl="Y">
  <value column="Name" original="Month To Month">Month To Month</value>
  <value column="Description" original="Year On Year comparison">Year On Year comparison</value>
  <value column="Help" original=""/>
 </row>
 <row id="202950" trl="Y">
  <value column="Name" original="Debug Mode">Mode Debug</value>
  <value column="Description" original=""/>
  <value column="Help" original=""/>
 </row>
 <row id="203108" trl="Y">
  <value column="Name" original="ViewID Column">Kolom ViewID</value>
  <value column="Description" original="Name of unique column in a view. value of this column will save to t_selection table">Name of unique column in a view. value of this column will save to t_selection table</value>
  <value column="Help" original="Column to resolve issue in https://idempiere.atlassian.net/browse/IDEMPIERE-1970">Column to resolve issue in https://idempiere.atlassian.net/browse/IDEMPIERE-1970</value>
 </row>
 <row id="203109" trl="Y">
  <value column="Name" original="Revenue Key">Kode Pendapatan</value>
  <value column="Description" original="Default Revenue Basis Accounting Element">Default Revenue Basis Accounting Element</value>
  <value column="Help" original="The (natural) account used">The (natural) account used</value>
 </row>
 <row id="203325" trl="Y">
  <value column="Name" original="Country Group">Grup Negara</value>
  <value column="Description" original=""/>
  <value column="Help" original=""/>
 </row>
 <row id="203326" trl="Y">
  <value column="Name" original="To">Ke</value>
  <value column="Description" original=""/>
  <value column="Help" original=""/>
 </row>
 <row trl="Y" uuid="4733cf3e-2f7b-46ce-a294-4ad2c2a6e17c">
  <value column="Name" original="Organization To">Organisasi Untuk</value>
  <value column="Description" original="Identifies a Organization">Identifies a Organization</value>
  <value column="Help" original="representative for Organization it link to">representative for Organization it link to</value>
 </row>
 <row trl="Y" uuid="664d65b1-629f-4593-afe0-e0080ad73729">
  <value column="Name" original="Insurance Company">Perusahaan Asuransi</value>
  <value column="Description" original="Insurance Company">Insurance Company</value>
  <value column="Help" original=""/>
 </row>
 <row trl="Y" uuid="44c28dd2-dbdf-4ca5-9c9f-c5012a271516">
  <value column="Name" original="Insurance ID number">Nomor ID Asuransi</value>
  <value column="Description" original="Insurance ID number">Insurance ID number</value>
  <value column="Help" original=""/>
 </row>
 <row trl="Y" uuid="32778c0b-6ef6-4504-85d1-fc2be8af0fd7">
  <value column="Name" original="Insurance Company">Perusahaan Asuransi</value>
  <value column="Description" original="Insurance Company">Insurance Company</value>
  <value column="Help" original=""/>
 </row>
 <row trl="Y" uuid="43e9ec9a-d871-48e6-9365-0e94b1938a1d">
  <value column="Name" original="Language">Bahasa</value>
  <value column="Description" original="Language for this Business Partner if Multi-Language enabled">Language for this Business Partner if Multi-Language enabled</value>
  <value column="Help" original="The Language identifies the language to use for display and formatting documents. It requires, that on Client level, Multi-Lingual documents are selected and that you have created/loaded the language.">The Language identifies the language to use for display and formatting documents. It requires, that on Client level, Multi-Lingual documents are selected and that you have created/loaded the language.</value>
 </row>
 <row trl="Y" uuid="e360a402-925a-4707-b515-4bd4b18a3fea">
  <value column="Name" original="PIN">PIN</value>
  <value column="Description" original=""/>
  <value column="Help" original=""/>
 </row>
 <row trl="Y" uuid="48df1db2-db79-4c2a-a588-a3620fbccfd0">
  <value column="Name" original="Points">Poin</value>
  <value column="Description" original=""/>
  <value column="Help" original=""/>
 </row>
 <row trl="Y" uuid="be62752f-a261-4a94-8426-15bbd11043ad">
  <value column="Name" original="IsBeneficiary">IsBeneficiary</value>
  <value column="Description" original=""/>
  <value column="Help" original=""/>
 </row>
 <row trl="Y" uuid="618250d5-9e85-4883-959f-ac51cff7eaad">
  <value column="Name" original="Member">Member</value>
  <value column="Description" original=""/>
  <value column="Help" original=""/>
 </row>
 <row trl="Y" uuid="d6108af1-f832-4220-9d77-fff14d320b86">
  <value column="Name" original="Withholding Category">Kategori Withholding</value>
  <value column="Description" original=""/>
  <value column="Help" original=""/>
 </row>
 <row trl="Y" uuid="2ff22320-b9af-4421-b0bb-8c9331af2d98">
  <value column="Name" original="Beneficiary">Penerima</value>
  <value column="Description" original=""/>
  <value column="Help" original=""/>
 </row>
 <row trl="Y" uuid="467c2dc2-61c2-4246-91c9-b1ffeb5d1024">
  <value column="Name" original="SMJ_Lty_Beneficiary_UU">SMJ_Lty_Beneficiary_UU</value>
  <value column="Description" original=""/>
  <value column="Help" original=""/>
 </row>
 <row trl="Y" uuid="b42a731d-e20d-4c18-bf66-01b5e7815de1">
  <value column="Name" original="Client">Klien</value>
  <value column="Description" original="Client/Tenant for this installation.">Client/Tenant for this installation.</value>
  <value column="Help" original="A Client is a company or a legal entity. You cannot share data between Clients. Tenant is a synonym for Client.">A Client is a company or a legal entity. You cannot share data between Clients. Tenant is a synonym for Client.</value>
 </row>
 <row trl="Y" uuid="ddc6f7d8-4bfd-40b4-aba0-e54ac32c445d">
  <value column="Name" original="Organization">Organisasi</value>
  <value column="Description" original="Organizational entity within client">Organizational entity within client</value>
  <value column="Help" original="An organization is a unit of your client or legal entity - examples are store, department. You can share data between organizations.">An organization is a unit of your client or legal entity - examples are store, department. You can share data between organizations.</value>
 </row>
 <row trl="Y" uuid="bb2c20c0-aa53-4c1f-b91f-c60b8ee09a5b">
  <value column="Name" original="Business Partner ">Business Partner </value>
  <value column="Description" original="Identifies a Business Partner">Identifies a Business Partner</value>
  <value column="Help" original="A Business Partner is anyone with whom you transact.  This can include Vendor, Customer, Employee or Salesperson">A Business Partner is anyone with whom you transact.  This can include Vendor, Customer, Employee or Salesperson</value>
 </row>
 <row trl="Y" uuid="ca10b170-b382-4455-8151-e8835e325eda">
  <value column="Name" original="Beneficiary">Penerima</value>
  <value column="Description" original=""/>
  <value column="Help" original=""/>
 </row>
 <row trl="Y" uuid="b45ebc93-4d04-494b-9812-a0d0b91c505e">
  <value column="Name" original="Kinship">Kinship</value>
  <value column="Description" original=""/>
  <value column="Help" original=""/>
 </row>
 <row trl="Y" uuid="210ba2b1-7b7f-4049-bab9-1b3ea78fbde5">
  <value column="Name" original="Description">Deskripsi</value>
  <value column="Description" original="Optional short description of the record">Optional short description of the record</value>
  <value column="Help" original="A description is limited to 255 characters.">A description is limited to 255 characters.</value>
 </row>
 <row trl="Y" uuid="c9e6236a-8807-46d1-a78d-299ac7b2a65b">
  <value column="Name" original="Active">Aktif</value>
  <value column="Description" original="The record is active in the system">The record is active in the system</value>
  <value column="Help" original="There are two methods of making records unavailable in the system: One is to delete the record, the other is to de-activate the record. A de-activated record is not available for selection, but available for reports.&#10;There are two reasons for de-activating and not deleting records:&#10;(1) The system requires the record for audit purposes.&#10;(2) The record is referenced by other records. E.g., you cannot delete a Business Partner, if there are invoices for this partner record existing. You de-activate the Business Partner and prevent that this record is used for future entries.">There are two methods of making records unavailable in the system: One is to delete the record, the other is to de-activate the record. A de-activated record is not available for selection, but available for reports.
There are two reasons for de-activating and not deleting records:
(1) The system requires the record for audit purposes.
(2) The record is referenced by other records. E.g., you cannot delete a Business Partner, if there are invoices for this partner record existing. You de-activate the Business Partner and prevent that this record is used for future entries.</value>
 </row>
 <row trl="Y" uuid="f0d1b74a-2028-46ea-bb36-ca98948c15e9">
  <value column="Name" original="Active">Aktif</value>
  <value column="Description" original="The record is active in the system">The record is active in the system</value>
  <value column="Help" original="There are two methods of making records unavailable in the system: One is to delete the record, the other is to de-activate the record. A de-activated record is not available for selection, but available for reports.&#10;There are two reasons for de-activating and not deleting records:&#10;(1) The system requires the record for audit purposes.&#10;(2) The record is referenced by other records. E.g., you cannot delete a Business Partner, if there are invoices for this partner record existing. You de-activate the Business Partner and prevent that this record is used for future entries.">There are two methods of making records unavailable in the system: One is to delete the record, the other is to de-activate the record. A de-activated record is not available for selection, but available for reports.
There are two reasons for de-activating and not deleting records:
(1) The system requires the record for audit purposes.
(2) The record is referenced by other records. E.g., you cannot delete a Business Partner, if there are invoices for this partner record existing. You de-activate the Business Partner and prevent that this record is used for future entries.</value>
 </row>
 <row trl="Y" uuid="eb00c759-a033-4d7f-acd7-38fcad11b88c">
  <value column="Name" original="Organization">Organisasi</value>
  <value column="Description" original="Organizational entity within client">Organizational entity within client</value>
  <value column="Help" original="An organization is a unit of your client or legal entity - examples are store, department. You can share data between organizations.">An organization is a unit of your client or legal entity - examples are store, department. You can share data between organizations.</value>
 </row>
 <row trl="Y" uuid="116bff7c-43f3-430d-9346-a6911a6642d8">
  <value column="Name" original="Client">Klien</value>
  <value column="Description" original="Client/Tenant for this installation.">Client/Tenant for this installation.</value>
  <value column="Help" original="A Client is a company or a legal entity. You cannot share data between Clients. Tenant is a synonym for Client.">A Client is a company or a legal entity. You cannot share data between Clients. Tenant is a synonym for Client.</value>
 </row>
 <row trl="Y" uuid="99a10710-8f9e-4273-9a89-3b843bc7c065">
  <value column="Name" original="Transaction">Transaksi</value>
  <value column="Description" original=""/>
  <value column="Help" original=""/>
 </row>
 <row trl="Y" uuid="99e47a05-bbab-4b7a-ae5f-6e9abd84d1e5">
  <value column="Name" original="Transaction Date">Tanggal Transaksi</value>
  <value column="Description" original="Transaction Date">Transaction Date</value>
  <value column="Help" original="The Transaction Date indicates the date of the transaction.">The Transaction Date indicates the date of the transaction.</value>
 </row>
 <row trl="Y" uuid="701d4df1-dc14-4d01-aaf0-cfeb4b894d9f">
  <value column="Name" original="Source">Source</value>
  <value column="Description" original="Source">Source</value>
  <value column="Help" original=""/>
 </row>
 <row trl="Y" uuid="bba611f3-efd5-4a49-99bc-4e5c01cf378d">
  <value column="Name" original="Beneficiary">Penerima</value>
  <value column="Description" original=""/>
  <value column="Help" original=""/>
 </row>
 <row trl="Y" uuid="2312fa37-c576-4a5c-9218-fc37e310321e">
  <value column="Name" original="Points">Poin</value>
  <value column="Description" original=""/>
  <value column="Help" original=""/>
 </row>
 <row trl="Y" uuid="7f954bb5-3203-4667-b375-da09390e07a9">
  <value column="Name" original="Transaction Type">Jenis Transaksi</value>
  <value column="Description" original=""/>
  <value column="Help" original=""/>
 </row>
 <row trl="Y" uuid="65cf08cd-4b60-4da1-a5f5-b69171f4440d">
  <value column="Name" original="Invoice">Invoice</value>
  <value column="Description" original="Invoice Identifier">Invoice Identifier</value>
  <value column="Help" original="The Invoice Document.">The Invoice Document.</value>
 </row>
 <row trl="Y" uuid="b5fec7ba-fa87-4c34-97af-c3a2f26518cf">
  <value column="Name" original="Description">Deskripsi</value>
  <value column="Description" original="Optional short description of the record">Optional short description of the record</value>
  <value column="Help" original="A description is limited to 255 characters.">A description is limited to 255 characters.</value>
 </row>
 <row trl="Y" uuid="280241f1-8bc4-4184-b75f-7b9b84f01fa1">
  <value column="Name" original="Points">Poin</value>
  <value column="Description" original=""/>
  <value column="Help" original=""/>
 </row>
 <row trl="Y" uuid="3a50c76d-afb9-45bd-9ece-7308cf3ee498">
  <value column="Name" original="Client">Klien</value>
  <value column="Description" original="Client/Tenant for this installation.">Client/Tenant for this installation.</value>
  <value column="Help" original="A Client is a company or a legal entity. You cannot share data between Clients. Tenant is a synonym for Client.">A Client is a company or a legal entity. You cannot share data between Clients. Tenant is a synonym for Client.</value>
 </row>
 <row trl="Y" uuid="a3c0a2c3-a067-4ce7-97aa-d7ce60353870">
  <value column="Name" original="Transaction">Transaksi</value>
  <value column="Description" original=""/>
  <value column="Help" original=""/>
 </row>
 <row trl="Y" uuid="9eeb249d-857c-41f9-b4f2-a7e7d11e0db4">
  <value column="Name" original="Organization">Organisasi</value>
  <value column="Description" original="Organizational entity within client">Organizational entity within client</value>
  <value column="Help" original="An organization is a unit of your client or legal entity - examples are store, department. You can share data between organizations.">An organization is a unit of your client or legal entity - examples are store, department. You can share data between organizations.</value>
 </row>
 <row trl="Y" uuid="b3c15594-bc8b-4d65-9e9f-c4630984702a">
  <value column="Name" original="Active">Aktif</value>
  <value column="Description" original="The record is active in the system">The record is active in the system</value>
  <value column="Help" original="There are two methods of making records unavailable in the system: One is to delete the record, the other is to de-activate the record. A de-activated record is not available for selection, but available for reports.&#10;There are two reasons for de-activating and not deleting records:&#10;(1) The system requires the record for audit purposes.&#10;(2) The record is referenced by other records. E.g., you cannot delete a Business Partner, if there are invoices for this partner record existing. You de-activate the Business Partner and prevent that this record is used for future entries.">There are two methods of making records unavailable in the system: One is to delete the record, the other is to de-activate the record. A de-activated record is not available for selection, but available for reports.
There are two reasons for de-activating and not deleting records:
(1) The system requires the record for audit purposes.
(2) The record is referenced by other records. E.g., you cannot delete a Business Partner, if there are invoices for this partner record existing. You de-activate the Business Partner and prevent that this record is used for future entries.</value>
 </row>
 <row trl="Y" uuid="4fae508f-0401-414c-8ebb-a2c0bfb37e71">
  <value column="Name" original="Transaction Date">Tanggal Transaksi</value>
  <value column="Description" original="Transaction Date">Transaction Date</value>
  <value column="Help" original="The Transaction Date indicates the date of the transaction.">The Transaction Date indicates the date of the transaction.</value>
 </row>
 <row trl="Y" uuid="bd78725c-c356-4439-93ec-96308c5df09c">
  <value column="Name" original="Source">Source</value>
  <value column="Description" original="Source">Source</value>
  <value column="Help" original=""/>
 </row>
 <row trl="Y" uuid="90700ccb-0c6f-4e6e-82bf-2d16dd08ade7">
  <value column="Name" original="Destination">Destination</value>
  <value column="Description" original=""/>
  <value column="Help" original=""/>
 </row>
 <row trl="Y" uuid="50bb815a-b113-4f49-901d-7e0313fedacc">
  <value column="Name" original="Points">Poin</value>
  <value column="Description" original=""/>
  <value column="Help" original=""/>
 </row>
 <row trl="Y" uuid="03f0ea71-8d65-493e-af8f-44d16f2bb0d1">
  <value column="Name" original="Transaction Type">Jenis Transaksi</value>
  <value column="Description" original=""/>
  <value column="Help" original=""/>
 </row>
 <row trl="Y" uuid="9b526e04-041d-4dba-b6be-ffbaa7622547">
  <value column="Name" original="Invoice">Invoice</value>
  <value column="Description" original="Invoice Identifier">Invoice Identifier</value>
  <value column="Help" original="The Invoice Document.">The Invoice Document.</value>
 </row>
 <row trl="Y" uuid="8847dd65-e116-4308-a0f5-ef9f44d09aca">
  <value column="Name" original="Description">Deskripsi</value>
  <value column="Description" original="Optional short description of the record">Optional short description of the record</value>
  <value column="Help" original="A description is limited to 255 characters.">A description is limited to 255 characters.</value>
 </row>
 <row trl="N" uuid="9abcfa11-23cf-4a09-9e45-5f386532caa2">
  <value column="Name" original="Simple Input Window">Simple Input Window</value>
  <value column="Description" original=""/>
  <value column="Help" original=""/>
 </row>
 <row trl="N" uuid="70ecd6e9-95aa-4a7f-8478-682c1ee338f9">
  <value column="Name" original="JP_SimpleInputWindow_UU">JP_SimpleInputWindow_UU</value>
  <value column="Description" original=""/>
  <value column="Help" original=""/>
 </row>
 <row trl="N" uuid="f3bdf2f2-8505-49e1-9c4c-398e1de1a088">
  <value column="Name" original="Client">Client</value>
  <value column="Description" original="Client/Tenant for this installation.">Client/Tenant for this installation.</value>
  <value column="Help" original="A Client is a company or a legal entity. You cannot share data between Clients. Tenant is a synonym for Client.">A Client is a company or a legal entity. You cannot share data between Clients. Tenant is a synonym for Client.</value>
 </row>
 <row trl="N" uuid="776d314a-d89e-447d-ad24-0839aec22762">
  <value column="Name" original="Organization">Organization</value>
  <value column="Description" original="Organizational entity within client">Organizational entity within client</value>
  <value column="Help" original="An organization is a unit of your client or legal entity - examples are store, department. You can share data between organizations.">An organization is a unit of your client or legal entity - examples are store, department. You can share data between organizations.</value>
 </row>
 <row trl="N" uuid="77011fcb-c007-456a-8f25-3e5655fe3be7">
  <value column="Name" original="Search Key">Search Key</value>
  <value column="Description" original="Search key for the record in the format required - must be unique">Search key for the record in the format required - must be unique</value>
  <value column="Help" original="A search key allows you a fast method of finding a particular record.&#10;If you leave the search key empty, the system automatically creates a numeric number.  The document sequence used for this fallback number is defined in the &quot;Maintain Sequence&quot; window with the name &quot;DocumentNo_&lt;TableName&gt;&quot;, where TableName is the actual name of the table (e.g. C_Order)."><![CDATA[A search key allows you a fast method of finding a particular record.
If you leave the search key empty, the system automatically creates a numeric number.  The document sequence used for this fallback number is defined in the "Maintain Sequence" window with the name "DocumentNo_<TableName>", where TableName is the actual name of the table (e.g. C_Order).]]></value>
 </row>
 <row trl="N" uuid="432f38d9-8db3-48c4-a030-e67e39e6987e">
  <value column="Name" original="Name">Name</value>
  <value column="Description" original="Alphanumeric identifier of the entity">Alphanumeric identifier of the entity</value>
  <value column="Help" original="The name of an entity (record) is used as an default search option in addition to the search key. The name is up to 60 characters in length.">The name of an entity (record) is used as an default search option in addition to the search key. The name is up to 60 characters in length.</value>
 </row>
 <row trl="N" uuid="dfe4a9f7-31a4-4cb1-93e5-84b75fe05563">
  <value column="Name" original="Description">Description</value>
  <value column="Description" original="Optional short description of the record">Optional short description of the record</value>
  <value column="Help" original="A description is limited to 255 characters.">A description is limited to 255 characters.</value>
 </row>
 <row trl="N" uuid="49df97d3-c028-4981-b9dc-ad2a39f8b33d">
  <value column="Name" original="Active">Active</value>
  <value column="Description" original="The record is active in the system">The record is active in the system</value>
  <value column="Help" original="There are two methods of making records unavailable in the system: One is to delete the record, the other is to de-activate the record. A de-activated record is not available for selection, but available for reports.&#10;There are two reasons for de-activating and not deleting records:&#10;(1) The system requires the record for audit purposes.&#10;(2) The record is referenced by other records. E.g., you cannot delete a Business Partner, if there are invoices for this partner record existing. You de-activate the Business Partner and prevent that this record is used for future entries.">There are two methods of making records unavailable in the system: One is to delete the record, the other is to de-activate the record. A de-activated record is not available for selection, but available for reports.
There are two reasons for de-activating and not deleting records:
(1) The system requires the record for audit purposes.
(2) The record is referenced by other records. E.g., you cannot delete a Business Partner, if there are invoices for this partner record existing. You de-activate the Business Partner and prevent that this record is used for future entries.</value>
 </row>
 <row trl="N" uuid="544460bc-dc58-4a1a-83b9-b28e6c16accf">
  <value column="Name" original="Window">Window</value>
  <value column="Description" original="Data entry or display window">Data entry or display window</value>
  <value column="Help" original="The Window field identifies a unique Window in the system.">The Window field identifies a unique Window in the system.</value>
 </row>
 <row trl="N" uuid="b3544a21-4736-4e28-9d31-02c2cd50753a">
  <value column="Name" original="Tab">Tab</value>
  <value column="Description" original="Tab within a Window">Tab within a Window</value>
  <value column="Help" original="The Tab indicates a tab that displays within a window.">The Tab indicates a tab that displays within a window.</value>
 </row>
 <row trl="N" uuid="8fa44b2a-2cd2-4d3d-a6da-a3f3b55b1e70">
  <value column="Name" original="Tab Field">Tab Field</value>
  <value column="Description" original=""/>
  <value column="Help" original=""/>
 </row>
 <row trl="N" uuid="9e920fd3-7dd1-4e39-876f-8993f945a284">
  <value column="Name" original="Frozen Field">Frozen Field</value>
  <value column="Description" original=""/>
  <value column="Help" original=""/>
 </row>
 <row trl="N" uuid="f6d02a7c-c8e6-452b-a441-d9a897204af2">
  <value column="Name" original="Page Size">Page Size</value>
  <value column="Description" original=""/>
  <value column="Help" original=""/>
 </row>
 <row trl="N" uuid="1059771a-8233-436a-b0a5-11bd24f14724">
  <value column="Name" original="SQL JOIN">SQL JOIN</value>
  <value column="Description" original=""/>
  <value column="Help" original=""/>
 </row>
 <row trl="N" uuid="cc004b57-e108-4621-ac46-3ee8f62da786">
  <value column="Name" original="Sql WHERE">Sql WHERE</value>
  <value column="Description" original="Fully qualified SQL WHERE clause">Fully qualified SQL WHERE clause</value>
  <value column="Help" original="The Where Clause indicates the SQL WHERE clause to use for record selection. The WHERE clause is added to the query. Fully qualified means &quot;tablename.columnname&quot;.">The Where Clause indicates the SQL WHERE clause to use for record selection. The WHERE clause is added to the query. Fully qualified means "tablename.columnname".</value>
 </row>
 <row trl="N" uuid="6a5546d3-96fe-462a-be81-d213c8cab82e">
  <value column="Name" original="Sql ORDER BY">Sql ORDER BY</value>
  <value column="Description" original="Fully qualified ORDER BY clause">Fully qualified ORDER BY clause</value>
  <value column="Help" original="The ORDER BY Clause indicates the SQL ORDER BY clause to use for record selection">The ORDER BY Clause indicates the SQL ORDER BY clause to use for record selection</value>
 </row>
 <row trl="N" uuid="c2042a19-1a55-435a-ad61-4d996aaf14e8">
  <value column="Name" original="Records deletable">Records deletable</value>
  <value column="Description" original="Indicates if records can be deleted from the database">Indicates if records can be deleted from the database</value>
  <value column="Help" original="The Records Deletable checkbox indicates if a record can be deleted from the database.  If records cannot be deleted, you can only deselect the Active flag">The Records Deletable checkbox indicates if a record can be deleted from the database.  If records cannot be deleted, you can only deselect the Active flag</value>
 </row>
 <row trl="N" uuid="8c57a0be-08c6-412c-8069-27e950330207">
  <value column="Name" original="Calculate Sum (Σ)">Calculate Sum (Σ)</value>
  <value column="Description" original="Calculate the Sum of numeric content or length">Calculate the Sum of numeric content or length</value>
  <value column="Help" original="Calculate the Sum (Σ) of the data if the field is numeric, otherwise total sum length of the field.">Calculate the Sum (Σ) of the data if the field is numeric, otherwise total sum length of the field.</value>
 </row>
 <row trl="N" uuid="fa11f278-63b7-416f-90d5-f41beb876094">
  <value column="Name" original="JP_SimpleInputSearch_UU">JP_SimpleInputSearch_UU</value>
  <value column="Description" original=""/>
  <value column="Help" original=""/>
 </row>
 <row trl="N" uuid="d0828fa7-20ad-4d80-801e-86d3966da005">
  <value column="Name" original="Simple Input Search">Simple Input Search</value>
  <value column="Description" original=""/>
  <value column="Help" original=""/>
 </row>
 <row trl="N" uuid="b75bc047-2a8e-492d-b9ad-336679929675">
  <value column="Name" original="Client">Client</value>
  <value column="Description" original="Client/Tenant for this installation.">Client/Tenant for this installation.</value>
  <value column="Help" original="A Client is a company or a legal entity. You cannot share data between Clients. Tenant is a synonym for Client.">A Client is a company or a legal entity. You cannot share data between Clients. Tenant is a synonym for Client.</value>
 </row>
 <row trl="N" uuid="088f3612-fd0c-4ab8-887e-de2265316f93">
  <value column="Name" original="Organization">Organization</value>
  <value column="Description" original="Organizational entity within client">Organizational entity within client</value>
  <value column="Help" original="An organization is a unit of your client or legal entity - examples are store, department. You can share data between organizations.">An organization is a unit of your client or legal entity - examples are store, department. You can share data between organizations.</value>
 </row>
 <row trl="N" uuid="94b23863-7282-414c-9b00-d111ac8a1176">
  <value column="Name" original="Simple Input Window">Simple Input Window</value>
  <value column="Description" original=""/>
  <value column="Help" original=""/>
 </row>
 <row trl="N" uuid="f55f7338-1d45-42a3-b932-31f689555d40">
  <value column="Name" original="Sequence">Sequence</value>
  <value column="Description" original="Method of ordering records; lowest number comes first">Method of ordering records; lowest number comes first</value>
  <value column="Help" original="The Sequence indicates the order of records">The Sequence indicates the order of records</value>
 </row>
 <row trl="N" uuid="2b5da6b9-ca02-4201-b315-7741355993cb">
  <value column="Name" original="Tab">Tab</value>
  <value column="Description" original="Tab within a Window">Tab within a Window</value>
  <value column="Help" original="The Tab indicates a tab that displays within a window.">The Tab indicates a tab that displays within a window.</value>
 </row>
 <row trl="N" uuid="0b3fa670-0d89-4db5-8f5b-ac2f9b5643c8">
  <value column="Name" original="Field">Field</value>
  <value column="Description" original="Field on a database table">Field on a database table</value>
  <value column="Help" original="The Field identifies a field on a database table.">The Field identifies a field on a database table.</value>
 </row>
 <row trl="N" uuid="9eec8879-aefc-4af0-a75b-4440ed90d73a">
  <value column="Name" original="Description">Description</value>
  <value column="Description" original="Optional short description of the record">Optional short description of the record</value>
  <value column="Help" original="A description is limited to 255 characters.">A description is limited to 255 characters.</value>
 </row>
 <row trl="N" uuid="6a653ef3-05b0-492c-b694-1bc8406fe3c8">
  <value column="Name" original="Active">Active</value>
  <value column="Description" original="The record is active in the system">The record is active in the system</value>
  <value column="Help" original="There are two methods of making records unavailable in the system: One is to delete the record, the other is to de-activate the record. A de-activated record is not available for selection, but available for reports.&#10;There are two reasons for de-activating and not deleting records:&#10;(1) The system requires the record for audit purposes.&#10;(2) The record is referenced by other records. E.g., you cannot delete a Business Partner, if there are invoices for this partner record existing. You de-activate the Business Partner and prevent that this record is used for future entries.">There are two methods of making records unavailable in the system: One is to delete the record, the other is to de-activate the record. A de-activated record is not available for selection, but available for reports.
There are two reasons for de-activating and not deleting records:
(1) The system requires the record for audit purposes.
(2) The record is referenced by other records. E.g., you cannot delete a Business Partner, if there are invoices for this partner record existing. You de-activate the Business Partner and prevent that this record is used for future entries.</value>
 </row>
 <row trl="N" uuid="c72300be-f216-48a8-bdbc-654632e0cfea">
  <value column="Name" original="Mandatory">Mandatory</value>
  <value column="Description" original="Data entry is required in this column">Data entry is required in this column</value>
  <value column="Help" original="The field must have a value for the record to be saved to the database.">The field must have a value for the record to be saved to the database.</value>
 </row>
 <row trl="N" uuid="4bbb3e8e-827a-4dd9-82ba-7c7396d308e8">
  <value column="Name" original="Default Logic">Default Logic</value>
  <value column="Description" original="Default value hierarchy, separated by ;">Default value hierarchy, separated by ;</value>
  <value column="Help" original="The defaults are evaluated in the order of definition, the first not null value becomes the default value of the column. The values are separated by comma or semicolon. a) Literals:. 'Text' or 123 b) Variables - in format @Variable@ - Login e.g. #Date, #AD_Org_ID, #AD_Client_ID - Accounting Schema: e.g. $C_AcctSchema_ID, $C_Calendar_ID - Global defaults: e.g. DateFormat - Window values (all Picks, CheckBoxes, RadioButtons, and DateDoc/DateAcct) c) SQL code with the tag: @SQL=SELECT something AS DefaultValue FROM ... The SQL statement can contain variables.  There can be no other value other than the SQL statement. The default is only evaluated, if no user preference is defined.  Default definitions are ignored for record columns as Key, Parent, Client as well as Buttons.">The defaults are evaluated in the order of definition, the first not null value becomes the default value of the column. The values are separated by comma or semicolon. a) Literals:. 'Text' or 123 b) Variables - in format @Variable@ - Login e.g. #Date, #AD_Org_ID, #AD_Client_ID - Accounting Schema: e.g. $C_AcctSchema_ID, $C_Calendar_ID - Global defaults: e.g. DateFormat - Window values (all Picks, CheckBoxes, RadioButtons, and DateDoc/DateAcct) c) SQL code with the tag: @SQL=SELECT something AS DefaultValue FROM ... The SQL statement can contain variables.  There can be no other value other than the SQL statement. The default is only evaluated, if no user preference is defined.  Default definitions are ignored for record columns as Key, Parent, Client as well as Buttons.</value>
 </row>
 <row trl="N" uuid="11ac470b-d027-484b-ba0c-16a9796034a1">
  <value column="Name" original="X Position">X Position</value>
  <value column="Description" original="Absolute X (horizontal) position in 1/72 of an inch">Absolute X (horizontal) position in 1/72 of an inch</value>
  <value column="Help" original="Absolute X (horizontal) position in 1/72 of an inch">Absolute X (horizontal) position in 1/72 of an inch</value>
 </row>
 <row trl="N" uuid="42a6a8a5-6a5f-4f2f-a9f0-9b0cb80a393b">
  <value column="Name" original="Column Span">Column Span</value>
  <value column="Description" original="Number of column for a box of field">Number of column for a box of field</value>
  <value column="Help" original=""/>
 </row>
</idempiereTrl>
