<?xml version="1.0" encoding="UTF-8" standalone="no"?>
<!--iDempiere(r) Release 2.1_2014-10-31 -Smart Suite ERP, CRM and SCM- (c) 1999-2013 iDempiere(r); Implementation: iDempiere - Supported by iDempiere community--><!--<!DOCTYPE idempiereTrl PUBLIC "-//ComPiere, Inc.//DTD iDempiere Translation 1.0//EN" "http://www.idempiere.com/dtd/idempiereTrl.dtd">--><idempiereTrl language="in_ID" table="AD_Form">
 <row id="100" trl="Y">
  <value column="Name" original="Generate Invoices (manual)">Buat Invoice (manual)</value>
  <value column="Description" original="Select and generate invoices">Select and generate invoices</value>
  <value column="Help" original="Generate Invoices from Orders.  &#10;Select the orders to generate the invoice for.">Generate Invoices from Orders.  
Select the orders to generate the invoice for.</value>
 </row>
 <row id="101" trl="Y">
  <value column="Name" original="Import File Loader">Import File</value>
  <value column="Description" original="Load flat Files into import tables">Load flat Files into import tables</value>
  <value column="Help" original="The Import File Loader parses the content of a flat file and loads it into import tables. Comments start with a '[' and end with a ']' and are ignored; example: [Some Heading].">The Import File Loader parses the content of a flat file and loads it into import tables. Comments start with a '[' and end with a ']' and are ignored; example: [Some Heading].</value>
 </row>
 <row id="102" trl="Y">
  <value column="Name" original="Initial Client Setup">Pengaturan Klien awal</value>
  <value column="Description" original="Initial new Client/Tenant Setup">Initial new Client/Tenant Setup</value>
  <value column="Help" original="Set up a new Client/Tenant of the system">Set up a new Client/Tenant of the system</value>
 </row>
 <row id="103" trl="Y">
  <value column="Name" original="Material Transactions">Transaksi Material</value>
  <value column="Description" original="Material Transactions">Material Transactions</value>
  <value column="Help" original=""/>
 </row>
 <row id="104" trl="Y">
  <value column="Name" original="Payment Allocation">Alokasi Pembayaran</value>
  <value column="Description" original="Allocate invoices and payments">Allocate invoices and payments</value>
  <value column="Help" original=""/>
 </row>
 <row id="105" trl="Y">
  <value column="Name" original="Generate Charges">Buat Beban dari Akun</value>
  <value column="Description" original="Generate Charges from natural accounts">Generate Charges from natural accounts</value>
  <value column="Help" original="Use the upper portion to create new charges using the general charge accounts.  Use the lower portion to create charges based on the natural account.">Use the upper portion to create new charges using the general charge accounts.  Use the lower portion to create charges based on the natural account.</value>
 </row>
 <row id="106" trl="Y">
  <value column="Name" original="Payment Print/Export">Cetak/Ekspor Pembayaran</value>
  <value column="Description" original="Print or export your payments">Print or export your payments</value>
  <value column="Help" original=""/>
 </row>
 <row id="107" trl="Y">
  <value column="Name" original="Payment Selection (manual)">Seleksi Pembayaran (manual)</value>
  <value column="Description" original="Manual Payment Selection">Manual Payment Selection</value>
  <value column="Help" original="Select vendor invoices for payment. If you don't see an invoice, make sure that it is not included in a different (nprocessed) Payment Selection.">Select vendor invoices for payment. If you don't see an invoice, make sure that it is not included in a different (nprocessed) Payment Selection.</value>
 </row>
 <row id="108" trl="Y">
  <value column="Name" original="Matching PO-Receipt-Invoice">Validasi PO - Penerimaan - Invoice</value>
  <value column="Description" original="Match Purchase Orders, Receipts, Vendor Invoices">Match Purchase Orders, Receipts, Vendor Invoices</value>
  <value column="Help" original="Make sure that the Receipts and Invoices are processed. If you want to match partial shipment, make sure that &quot;Same Quantity&quot; is not selected.">Make sure that the Receipts and Invoices are processed. If you want to match partial shipment, make sure that "Same Quantity" is not selected.</value>
 </row>
 <row id="109" trl="Y">
  <value column="Name" original="Translation Import/Export">Impor/Ekspor Terjemahan</value>
  <value column="Description" original="Import or Export Language Translation">Import or Export Language Translation</value>
  <value column="Help" original="Export/Import Translation info to/from xml for translation in external tool. Please note that the Language MUST be an enabled and verified System Langage.">Export/Import Translation info to/from xml for translation in external tool. Please note that the Language MUST be an enabled and verified System Langage.</value>
 </row>
 <row id="110" trl="Y">
  <value column="Name" original="Generate Shipments (manual)">Buat Pengiriman (manual)</value>
  <value column="Description" original="Select and generate shipments">Select and generate shipments</value>
  <value column="Help" original="Generate Shipments from Orders.  &#10;Select the orders to generate the shipments for.">Generate Shipments from Orders.  
Select the orders to generate the shipments for.</value>
 </row>
 <row id="111" trl="Y">
  <value column="Name" original="SQL Process">Proses SQL</value>
  <value column="Description" original="Process SQL Statements">Process SQL Statements</value>
  <value column="Help" original="Process SQL DDL Statements">Process SQL DDL Statements</value>
 </row>
 <row id="112" trl="Y">
  <value column="Name" original="Merge Entities">Gabung Entitas</value>
  <value column="Description" original="Merge From Entity to To Entity - Delete From">Merge From Entity to To Entity - Delete From</value>
  <value column="Help" original="&lt;i&gt;Dangerous - Please are aware of what you are doing!&lt;/i&gt;&#10;All instances of the From entity (e.g. Customer A) are changed to the To entity (e.g. Customer B). &#10;The From entity (e.g. Customer A) is deleted. &#10;&lt;p&gt;&lt;b&gt;There is NO undo nor trace !  Please do a backup first&lt;/b&gt; Please be aware that you may be changing history records (e.g. invoices, etc.) ! &lt;/p&gt;&#10;&lt;p&gt;&lt;b&gt;Side effects:&lt;/b&gt; Merging Products are likely to distort product costs; Merging Business Partners may result in incorrect open item balance. Check with support on remedies.&#10;&lt;p&gt;&lt;b&gt;Restrictions:&lt;/b&gt; Accounting and Inventory conflicts are not resolved in this version."><![CDATA[<i>Dangerous - Please are aware of what you are doing!</i>
All instances of the From entity (e.g. Customer A) are changed to the To entity (e.g. Customer B). 
The From entity (e.g. Customer A) is deleted. 
<p><b>There is NO undo nor trace !  Please do a backup first</b> Please be aware that you may be changing history records (e.g. invoices, etc.) ! </p>
<p><b>Side effects:</b> Merging Products are likely to distort product costs; Merging Business Partners may result in incorrect open item balance. Check with support on remedies.
<p><b>Restrictions:</b> Accounting and Inventory conflicts are not resolved in this version.]]></value>
 </row>
 <row id="113" trl="Y">
  <value column="Name" original="POS">POS</value>
  <value column="Description" original="Point Of Sales Terminal">Point Of Sales Terminal</value>
  <value column="Help" original="Enter Transactions via a POS Terminal.  Automatically, scans or credit card swipes are recongized.">Enter Transactions via a POS Terminal.  Automatically, scans or credit card swipes are recongized.</value>
 </row>
 <row id="114" trl="Y">
  <value column="Name" original="BOM Drop">Hapus Bom</value>
  <value column="Description" original="Drop (expand) Bill of Materials">Drop (expand) Bill of Materials</value>
  <value column="Help" original="Drop the extended Bill of Materials into an Order, Invoice, etc.  The documents need to be in a Drafted stage.  Make sure that the items included in the BOM are on the price list of the Order, Invoice, etc. as otherwise the price will be zero!">Drop the extended Bill of Materials into an Order, Invoice, etc.  The documents need to be in a Drafted stage.  Make sure that the items included in the BOM are on the price list of the Order, Invoice, etc. as otherwise the price will be zero!</value>
 </row>
 <row id="115" trl="Y">
  <value column="Name" original="Tree Maintenance">Pemeliharaan Pohon</value>
  <value column="Description" original="Maintain Trees">Maintain Trees</value>
  <value column="Help" original="View and change trees. Maintain the entries in their specific Windows.">View and change trees. Maintain the entries in their specific Windows.</value>
 </row>
 <row id="116" trl="Y">
  <value column="Name" original="Workflow Editor">Editor Workflow</value>
  <value column="Description" original="Edit Workflows">Edit Workflows</value>
  <value column="Help" original="Edit the graphical layout of workflows">Edit the graphical layout of workflows</value>
 </row>
 <row id="117" trl="Y">
  <value column="Name" original="Workflow Activities">Aktifitas Workflow</value>
  <value column="Description" original="My active workflow activities">My active workflow activities</value>
  <value column="Help" original="View active worflow activities">View active worflow activities</value>
 </row>
 <row id="118" trl="Y">
  <value column="Name" original="Archive Viewer">Lihat Arsip</value>
  <value column="Description" original="View automatically archived Documents">View automatically archived Documents</value>
  <value column="Help" original="Depending on the Client Automatic Archive Level documents and reports are saved and available for view. In the Report Viewer you can manually archive Documents or Reports.  You can only view archives, if you have access to the original document.">Depending on the Client Automatic Archive Level documents and reports are saved and available for view. In the Report Viewer you can manually archive Documents or Reports.  You can only view archives, if you have access to the original document.</value>
 </row>
 <row id="119" trl="Y">
  <value column="Name" original="Performance Indicators">Indikator Kinerja</value>
  <value column="Description" original="View Performance Indicators">View Performance Indicators</value>
  <value column="Help" original="View all Performance Indicators and Goals">View all Performance Indicators and Goals</value>
 </row>
 <row id="120" trl="Y">
  <value column="Name" original="Product Attribute Grid">Daftar Atribut Produk</value>
  <value column="Description" original="Maintain Products with Attributes in a Table Grid">Maintain Products with Attributes in a Table Grid</value>
  <value column="Help" original="Select one or two attributes if a Product Attribute and display/maintain products in a row or table grid.">Select one or two attributes if a Product Attribute and display/maintain products in a row or table grid.</value>
 </row>
 <row id="53001" trl="Y">
  <value column="Name" original="BOM &amp; Formula Info"><![CDATA[Info BOM & Formula]]></value>
  <value column="Description" original="Shows in two different panels the parent-component relationship for the product entered in the Product field.">Shows in two different panels the parent-component relationship for the product entered in the Product field.</value>
  <value column="Help" original="The BOM &amp; Formula Review option menu shows in two different panels the parent-component relationship for the product entered in the Product field.&#10;&#10;You need to introduce the parent product you want to see its components then click the OK button, next drag the left margin of the panel to the right and you will have the two panels.&#10;&#10;When you need to consult an implosion, click the implosion check box and enter the component you wish to consult and tick the Implosion check box.&#10;&#10;You need to introduce the parent product you want to see its components then click the OK button, next drag the left margin of the panel to the right and you will have the two panels.&#10;&#10;The left panel shows the BOM hierarchies in a tree form. The right panel shows the information connected with the BOM for every product in it"><![CDATA[The BOM & Formula Review option menu shows in two different panels the parent-component relationship for the product entered in the Product field.

You need to introduce the parent product you want to see its components then click the OK button, next drag the left margin of the panel to the right and you will have the two panels.

When you need to consult an implosion, click the implosion check box and enter the component you wish to consult and tick the Implosion check box.

You need to introduce the parent product you want to see its components then click the OK button, next drag the left margin of the panel to the right and you will have the two panels.

The left panel shows the BOM hierarchies in a tree form. The right panel shows the information connected with the BOM for every product in it]]></value>
 </row>
 <row id="53002" trl="Y">
  <value column="Name" original="Product Configuration BOM">Konfigurasi Produk BOM</value>
  <value column="Description" original="This form let create a product configure with multy level using options and variants">This form let create a product configure with multy level using options and variants</value>
  <value column="Help" original="A configurable Bill of Material (CBOM) is used by industries that have multiple options and highly configurable products.&#10;&#10;The CBOM is used to dynamically create &quot;end-items&quot; that a company sells. The benefit of using CBOM structure is it reduces the work-effort needed to maintain product structures. The configurable BOM is most frequently driven by &quot;configurator&quot; software, however it can be enabled manually (manual maintenance is infrequent because its unwieldy to manage the number of permutaions and combinations of possible configurations) The development of the CBOM is dependent on having a Modular BOM structure in place (see Modular BOM). The Modular BOM structure provides the assemblies/sub-systems that can be selected to &quot;configure&quot; an end-item.">A configurable Bill of Material (CBOM) is used by industries that have multiple options and highly configurable products.

The CBOM is used to dynamically create "end-items" that a company sells. The benefit of using CBOM structure is it reduces the work-effort needed to maintain product structures. The configurable BOM is most frequently driven by "configurator" software, however it can be enabled manually (manual maintenance is infrequent because its unwieldy to manage the number of permutaions and combinations of possible configurations) The development of the CBOM is dependent on having a Modular BOM structure in place (see Modular BOM). The Modular BOM structure provides the assemblies/sub-systems that can be selected to "configure" an end-item.</value>
 </row>
 <row id="53003" trl="Y">
  <value column="Name" original="MRP Info">Info MRP</value>
  <value column="Description" original="Show the detail of MRP calculation">Show the detail of MRP calculation</value>
  <value column="Help" original="Show the detail of MRP calculation">Show the detail of MRP calculation</value>
 </row>
 <row id="53004" trl="Y">
  <value column="Name" original="Planned Order Approval ">Persetujuan Rencana Order</value>
  <value column="Description" original="A planned manufacturing order is a manufacturing order suggested by the MRP process and contains its quantity and its release and promise dates.">A planned manufacturing order is a manufacturing order suggested by the MRP process and contains its quantity and its release and promise dates.</value>
  <value column="Help" original="A planned manufacturing order is a manufacturing order suggested by the MRP process and contains its quantity and its release and promise dates. when you approve a manufacturing planned order you convert it in a manufacturing order with the status of In Process.&#10;&#10;When you approve a planned order you are telling the system that the manufacturing order is ready to start its process with the approval you change the order status from Draft to In Process.">A planned manufacturing order is a manufacturing order suggested by the MRP process and contains its quantity and its release and promise dates. when you approve a manufacturing planned order you convert it in a manufacturing order with the status of In Process.

When you approve a planned order you are telling the system that the manufacturing order is ready to start its process with the approval you change the order status from Draft to In Process.</value>
 </row>
 <row id="53005" trl="Y">
  <value column="Name" original="CRP Info">Info CRP</value>
  <value column="Description" original="It shows graphically of the required and available time for each manufacturing resource.">It shows graphically of the required and available time for each manufacturing resource.</value>
  <value column="Help" original="It shows graphically of the required and available time for each manufacturing resource.">It shows graphically of the required and available time for each manufacturing resource.</value>
 </row>
 <row id="53006" trl="Y">
  <value column="Name" original="Resource Load View">Lihat Beban Sumber Daya</value>
  <value column="Description" original="It shows graphically of the required and available time for each manufacturing resource.">It shows graphically of the required and available time for each manufacturing resource.</value>
  <value column="Help" original="It shows graphically of the required and available time for each manufacturing resource.">It shows graphically of the required and available time for each manufacturing resource.</value>
 </row>
 <row id="53007" trl="Y">
  <value column="Name" original="Order Receipt &amp; Issue"><![CDATA[Penerimaan & Pengeluaran Order]]></value>
  <value column="Description" original="Order Receipt &amp; Issue"><![CDATA[Order Receipt & Issue]]></value>
  <value column="Help" original="The form shows at the upper side static information around the product and the manufacturing resource where it has to be made, it also shows a summary of the quantities to be controlled in the MO such as the Original and delivered quantities and the Quantity to deliver for the MO up to date.&#10;&#10;If the production process requires production in batch, then the Qty Batchs shows the Number of batches the shop floor needs to do and the Qty Batch Size contains the size of every batch to be produced.&#10;&#10;&#10;If you want to issue the MO components before you receive the finished product you should tick the checkbox Is Delivery, this case is recommended when you have a long to medium lead time and you want to have the inventory quantities as reliable as possible at every moment.&#10;&#10;If you have small lead time and you wish to save clerk time then you must tick Is Backflush checkbox and you will receive the finished product at the same time you issue automatically the components&#10;&#10;The Backflush Group field is used when you want to issue just components belonging to this group. (This characteristic could not be included in the current version).&#10;&#10;At the lower part of the window you can find the list of every MO component, this can be modified according with the real products and quantities given to the shop floor.&#10;&#10;The quantities to be issued are selected with the checkbox at the first column of the list of components. If the actual quantity is different from the standard quantity showed in the column Qty to deliver you should edit this field to enter the right quantity to be issued.&#10;&#10;Finally a message box asks if you want to close the OM document, you should click the ok button if this MO does not have any more transactions and has to be closed.&#10;&#10;">The form shows at the upper side static information around the product and the manufacturing resource where it has to be made, it also shows a summary of the quantities to be controlled in the MO such as the Original and delivered quantities and the Quantity to deliver for the MO up to date.

If the production process requires production in batch, then the Qty Batchs shows the Number of batches the shop floor needs to do and the Qty Batch Size contains the size of every batch to be produced.


If you want to issue the MO components before you receive the finished product you should tick the checkbox Is Delivery, this case is recommended when you have a long to medium lead time and you want to have the inventory quantities as reliable as possible at every moment.

If you have small lead time and you wish to save clerk time then you must tick Is Backflush checkbox and you will receive the finished product at the same time you issue automatically the components

The Backflush Group field is used when you want to issue just components belonging to this group. (This characteristic could not be included in the current version).

At the lower part of the window you can find the list of every MO component, this can be modified according with the real products and quantities given to the shop floor.

The quantities to be issued are selected with the checkbox at the first column of the list of components. If the actual quantity is different from the standard quantity showed in the column Qty to deliver you should edit this field to enter the right quantity to be issued.

Finally a message box asks if you want to close the OM document, you should click the ok button if this MO does not have any more transactions and has to be closed.

</value>
 </row>
 <row id="53008" trl="Y">
  <value column="Name" original="Generate Movement Manual">Menghasilkan Pergerakan Manual</value>
  <value column="Description" original="Generate Movement to a Order Distribution">Generate Movement to a Order Distribution</value>
  <value column="Help" original=""/>
 </row>
 <row id="53009" trl="Y">
  <value column="Name" original="Payroll Action Notice">Payroll Notice Aksi</value>
  <value column="Description" original="Payroll Action Notice let entry the events that happend with any Employee">Payroll Action Notice let entry the events that happend with any Employee</value>
  <value column="Help" original=""/>
 </row>
 <row id="53010" trl="Y">
  <value column="Name" original="Generate Shipments &amp; Invoices (manual)"><![CDATA[Menghasilkan Pengiriman & Invoice (manual )]]></value>
  <value column="Description" original="Select and generate shipments &amp; Invoices"><![CDATA[Select and generate shipments & Invoices]]></value>
  <value column="Help" original="Generate Shipments &amp; Invoices from Orders.  &#10;Select the orders to generate the shipments &amp; Invoices for."><![CDATA[Generate Shipments & Invoices from Orders.  
Select the orders to generate the shipments & Invoices for.]]></value>
 </row>
 <row id="53012" trl="Y">
  <value column="Name" original="Material Receipt Distribution Order">Penerimaan Material Order Distribusi</value>
  <value column="Description" original="Material Receipt Distribution Order">Material Receipt Distribution Order</value>
  <value column="Help" original=""/>
 </row>
 <row id="53013" trl="Y">
  <value column="Name" original="Manufacturing Workflow Editor">Editor Workflow Manufaktur</value>
  <value column="Description" original="Edit Manufacturing Workflows">Edit Manufacturing Workflows</value>
  <value column="Help" original="Edit the graphical layout of manufacturing workflows">Edit the graphical layout of manufacturing workflows</value>
 </row>
 <row id="53016" trl="Y">
  <value column="Name" original="Accounting Fact Reconcilation (manual)">Rekonsiliasi Buku Besar (manual)</value>
  <value column="Description" original=""/>
  <value column="Help" original=""/>
 </row>
 <row id="53017" trl="Y">
  <value column="Name" original="BOM Viewer">Lihat BOM</value>
  <value column="Description" original="Shows the parent-component relationship for the product entered in the Product field.">Shows the parent-component relationship for the product entered in the Product field.</value>
  <value column="Help" original="Selecting a product will display a hierarchy of components and sub-BOMs for that product.&#13;&#10;&#13;&#10;Selecting the &quot;Where Used&quot; check box will display the BOMs that this product is used in.">Selecting a product will display a hierarchy of components and sub-BOMs for that product.&#13;
&#13;
Selecting the "Where Used" check box will display the BOMs that this product is used in.</value>
 </row>
 <row id="200000" trl="Y">
  <value column="Name" original="Setup Wizard">Setup Wizard</value>
  <value column="Description" original=""/>
  <value column="Help" original=""/>
 </row>
 <row id="200001" trl="Y">
  <value column="Name" original="Reset Password">Reset Password</value>
  <value column="Description" original="Reset Password">Reset Password</value>
  <value column="Help" original=""/>
 </row>
 <row id="200002" trl="Y">
  <value column="Name" original="Report Wizard">Report Wizard</value>
  <value column="Description" original="Report Wizard">Report Wizard</value>
  <value column="Help" original=""/>
 </row>
 <row id="200005" trl="Y">
  <value column="Name" original="Tab Editor">Tab Editor</value>
  <value column="Description" original=""/>
  <value column="Help" original=""/>
 </row>
 <row id="200006" trl="Y">
  <value column="Name" original="Bank Statement Create From Batch">Bank Statement Dibuat Dari Batch</value>
  <value column="Description" original=""/>
  <value column="Help" original=""/>
 </row>
 <row id="200008" trl="Y">
  <value column="Name" original="Captured Process Parameter">Parameter Proses Ditangkap</value>
  <value column="Description" original=""/>
  <value column="Help" original=""/>
 </row>
 <row trl="Y" uuid="1cbed0b6-520c-49f1-b734-64c2b18a1d01">
  <value column="Name" original="Web Browser">Web Browser</value>
  <value column="Description" original=""/>
  <value column="Help" original=""/>
 </row>
 <row trl="Y" uuid="88794bd2-c93e-4037-a915-dd0d01288702">
  <value column="Name" original="Kanban Board">Kanban Board</value>
  <value column="Description" original=""/>
  <value column="Help" original=""/>
 </row>
 <row trl="Y" uuid="d273ef45-6b9a-40c5-88c4-3766df7590e9">
  <value column="Name" original="Kanban Status Configuration">Konfigurasi Status Kanban</value>
  <value column="Description" original=""/>
  <value column="Help" original=""/>
 </row>
 <row trl="Y" uuid="970b621e-edef-4e1f-8ec6-ecac6f178b16">
  <value column="Name" original="Cash Movements">Mutasi Kas</value>
  <value column="Description" original=""/>
  <value column="Help" original=""/>
 </row>
 <row trl="Y" uuid="91c9a60a-19f4-44cb-abf8-0b1df366b874">
  <value column="Name" original="Simplified Returns">Pengembalian Disederhanakan</value>
  <value column="Description" original=""/>
  <value column="Help" original=""/>
 </row>
 <row trl="Y" uuid="03cb93e2-b5df-4b95-a963-2ba3f2d6dda2">
  <value column="Name" original="SmartPOS">POS</value>
  <value column="Description" original=""/>
  <value column="Help" original=""/>
 </row>
 <row trl="Y" uuid="42b7d24e-d104-4c51-b298-40d5c8b8a6e8">
  <value column="Name" original="SmartPOSWebMain">SmartPOSWebMain</value>
  <value column="Description" original=""/>
  <value column="Help" original=""/>
 </row>
 <row trl="Y" uuid="acda7c47-f22b-4f3c-80d9-982453451a58">
  <value column="Name" original="Buy Points">Beli Point</value>
  <value column="Description" original=""/>
  <value column="Help" original=""/>
 </row>
 <row trl="Y" uuid="7fca1bcb-11a5-45d4-a97c-c2dec10b2971">
  <value column="Name" original="Member/Beneficiary Simplified">Member/Penerima Disederhanakan</value>
  <value column="Description" original=""/>
  <value column="Help" original=""/>
 </row>
</idempiereTrl>
