<?xml version="1.0" encoding="UTF-8" standalone="no"?>
<!--iDempiere(r) Release 2.1_2014-10-31 -Smart Suite ERP, CRM and SCM- (c) 1999-2013 iDempiere(r); Implementation: iDempiere - Supported by iDempiere community--><!--<!DOCTYPE idempiereTrl PUBLIC "-//ComPiere, Inc.//DTD iDempiere Translation 1.0//EN" "http://www.idempiere.com/dtd/idempiereTrl.dtd">--><idempiereTrl language="in_ID" table="AD_InfoColumn">
 <row id="200005" trl="N">
  <value column="Name" original="Vendor">Vendor</value>
  <value column="Description" original="Current Vendor">Current Vendor</value>
  <value column="Help" original=""/>
 </row>
 <row id="200006" trl="N">
  <value column="Name" original="D">D</value>
  <value column="Description" original="This product is no longer available">This product is no longer available</value>
  <value column="Help" original="The Discontinued check box indicates a product that has been discontinued.">The Discontinued check box indicates a product that has been discontinued.</value>
 </row>
 <row trl="N" uuid="586f99ab-b201-42e1-911a-3b1239120279">
  <value column="Name" original="Customer">Customer</value>
  <value column="Description" original="Indicates if this Business Partner is a Customer">Indicates if this Business Partner is a Customer</value>
  <value column="Help" original="The Customer checkbox indicates if this Business Partner is a customer.  If it is select additional fields will display which further define this customer.">The Customer checkbox indicates if this Business Partner is a customer.  If it is select additional fields will display which further define this customer.</value>
 </row>
 <row trl="N" uuid="b48e6628-b0f7-4976-8ba0-e1da515bd8d6">
  <value column="Name" original="Search Key">Search Key</value>
  <value column="Description" original="Search key for the record in the format required - must be unique">Search key for the record in the format required - must be unique</value>
  <value column="Help" original="A search key allows you a fast method of finding a particular record.&#10;If you leave the search key empty, the system automatically creates a numeric number.  The document sequence used for this fallback number is defined in the &quot;Maintain Sequence&quot; window with the name &quot;DocumentNo_&lt;TableName&gt;&quot;, where TableName is the actual name of the table (e.g. C_Order)."><![CDATA[A search key allows you a fast method of finding a particular record.
If you leave the search key empty, the system automatically creates a numeric number.  The document sequence used for this fallback number is defined in the "Maintain Sequence" window with the name "DocumentNo_<TableName>", where TableName is the actual name of the table (e.g. C_Order).]]></value>
 </row>
 <row trl="N" uuid="0394f3ab-ad2e-4b11-bbb2-1f7c1f7e2746">
  <value column="Name" original="Name">Name</value>
  <value column="Description" original="Alphanumeric identifier of the entity">Alphanumeric identifier of the entity</value>
  <value column="Help" original="The name of an entity (record) is used as an default search option in addition to the search key. The name is up to 60 characters in length.">The name of an entity (record) is used as an default search option in addition to the search key. The name is up to 60 characters in length.</value>
 </row>
 <row trl="N" uuid="2f162636-17b9-490f-b25a-cf63e01671f1">
  <value column="Name" original="User/Contact">User/Contact</value>
  <value column="Description" original="User within the system - Internal or Business Partner Contact">User within the system - Internal or Business Partner Contact</value>
  <value column="Help" original="The User identifies a unique user in the system. This could be an internal user or a business partner contact">The User identifies a unique user in the system. This could be an internal user or a business partner contact</value>
 </row>
 <row trl="N" uuid="a2b96a9d-e52d-4ce1-bb01-cab7848153af">
  <value column="Name" original="Credit Available">Credit Available</value>
  <value column="Description" original="Available Credit based on Credit Limit (not Total Open Balance) and Credit Used">Available Credit based on Credit Limit (not Total Open Balance) and Credit Used</value>
  <value column="Help" original=""/>
 </row>
 <row trl="N" uuid="f8ce8f35-4a6f-4ece-bf14-98422140acfc">
  <value column="Name" original="Credit Used">Credit Used</value>
  <value column="Description" original="Current open balance">Current open balance</value>
  <value column="Help" original="The Credit Used indicates the total amount of open or unpaid invoices in primary accounting currency for the Business Partner. Credit Management is based on the Total Open Amount, which includes Vendor activities.">The Credit Used indicates the total amount of open or unpaid invoices in primary accounting currency for the Business Partner. Credit Management is based on the Total Open Amount, which includes Vendor activities.</value>
 </row>
 <row trl="N" uuid="a86946e6-d7d6-48a4-80e9-ef6375b63390">
  <value column="Name" original="City">City</value>
  <value column="Description" original="Identifies a City">Identifies a City</value>
  <value column="Help" original="The City identifies a unique City for this Country or Region.">The City identifies a unique City for this Country or Region.</value>
 </row>
 <row trl="N" uuid="55b6446b-1632-467d-9683-da503f43344f">
  <value column="Name" original="Open Balance">Open Balance</value>
  <value column="Description" original="Total Open Balance Amount in primary Accounting Currency">Total Open Balance Amount in primary Accounting Currency</value>
  <value column="Help" original="The Total Open Balance Amount is the calculated open item amount for Customer and Vendor activity.  If the Balance is below zero, we owe the Business Partner.  The amount is used for Credit Management.&#10;Invoices and Payment Allocations determine the Open Balance (i.e. not Orders or Payments).">The Total Open Balance Amount is the calculated open item amount for Customer and Vendor activity.  If the Balance is below zero, we owe the Business Partner.  The amount is used for Credit Management.
Invoices and Payment Allocations determine the Open Balance (i.e. not Orders or Payments).</value>
 </row>
 <row trl="N" uuid="a970af32-a5f2-4119-a623-b0903cbb6f37">
  <value column="Name" original="Revenue">Revenue</value>
  <value column="Description" original=""/>
  <value column="Help" original=""/>
 </row>
 <row trl="N" uuid="8d6ae5f0-41de-420b-874c-32a2d58291b6">
  <value column="Name" original="Address 1">Address 1</value>
  <value column="Description" original="Address line 1 for this location">Address line 1 for this location</value>
  <value column="Help" original="The Address 1 identifies the address for an entity's location">The Address 1 identifies the address for an entity's location</value>
 </row>
 <row trl="N" uuid="81e7203b-aba9-40a8-96b1-2e8664dee543">
  <value column="Name" original="Ship Address">Ship Address</value>
  <value column="Description" original="Business Partner Shipment Address">Business Partner Shipment Address</value>
  <value column="Help" original="If the Ship Address is selected, the location is used to ship goods to a customer or receive goods from a vendor.">If the Ship Address is selected, the location is used to ship goods to a customer or receive goods from a vendor.</value>
 </row>
 <row trl="N" uuid="399cd0f7-ee85-4517-9242-f6a661ed8409">
  <value column="Name" original="Invoice Address">Invoice Address</value>
  <value column="Description" original="Business Partner Invoice/Bill Address">Business Partner Invoice/Bill Address</value>
  <value column="Help" original="If the Invoice Address is selected, the location is used to send invoices to a customer or receive invoices from a vendor.">If the Invoice Address is selected, the location is used to send invoices to a customer or receive invoices from a vendor.</value>
 </row>
 <row trl="N" uuid="0f5324bf-1bf1-4b5e-94d3-5c204c317a20">
  <value column="Name" original="Partner Location">Partner Location</value>
  <value column="Description" original="Identifies the (ship to) address for this Business Partner">Identifies the (ship to) address for this Business Partner</value>
  <value column="Help" original="The Partner address indicates the location of a Business Partner">The Partner address indicates the location of a Business Partner</value>
 </row>
 <row trl="N" uuid="368ecbec-0334-45ed-a946-5d7ca4b0caf5">
  <value column="Name" original="Surname">Surname</value>
  <value column="Description" original=""/>
  <value column="Help" original=""/>
 </row>
 <row trl="N" uuid="d80f9182-82b9-47a6-a562-ba1aa32d0fcf">
  <value column="Name" original="Contact Name">Contact Name</value>
  <value column="Description" original="Business Partner Contact Name">Business Partner Contact Name</value>
  <value column="Help" original=""/>
 </row>
 <row trl="N" uuid="65fd4977-345c-4ec2-b0dc-4704326a4db6">
  <value column="Name" original="EMail Address">EMail Address</value>
  <value column="Description" original="Electronic Mail Address">Electronic Mail Address</value>
  <value column="Help" original="The Email Address is the Electronic Mail ID for this User and should be fully qualified (e.g. joe.smith@company.com). The Email Address is used to access the self service application functionality from the web.">The Email Address is the Electronic Mail ID for this User and should be fully qualified (e.g. joe.smith@company.com). The Email Address is used to access the self service application functionality from the web.</value>
 </row>
 <row trl="N" uuid="85764a26-fe88-4505-b023-5e5288985a26">
  <value column="Name" original="Phone">Phone</value>
  <value column="Description" original="Identifies a telephone number">Identifies a telephone number</value>
  <value column="Help" original="The Phone field identifies a telephone number">The Phone field identifies a telephone number</value>
 </row>
 <row trl="N" uuid="412c5d2f-7ba3-44dc-9b59-e3023fef6b01">
  <value column="Name" original="ZIP">ZIP</value>
  <value column="Description" original="Postal code">Postal code</value>
  <value column="Help" original="The Postal Code or ZIP identifies the postal code for this entity's address.">The Postal Code or ZIP identifies the postal code for this entity's address.</value>
 </row>
 <row trl="N" uuid="94b8f0a1-0b6c-4d71-85f6-d7cc0f3cea89">
  <value column="Name" original="Vendor">Vendor</value>
  <value column="Description" original="Indicates if this Business Partner is a Vendor">Indicates if this Business Partner is a Vendor</value>
  <value column="Help" original="The Vendor checkbox indicates if this Business Partner is a Vendor.  If it is selected, additional fields will display which further identify this vendor.">The Vendor checkbox indicates if this Business Partner is a Vendor.  If it is selected, additional fields will display which further identify this vendor.</value>
 </row>
</idempiereTrl>
