<?xml version="1.0" encoding="UTF-8" standalone="no"?>
<!--iDempiere(r) Release 2.1_2014-10-31 -Smart Suite ERP, CRM and SCM- (c) 1999-2013 iDempiere(r); Implementation: iDempiere - Supported by iDempiere community--><!--<!DOCTYPE idempiereTrl PUBLIC "-//ComPiere, Inc.//DTD iDempiere Translation 1.0//EN" "http://www.idempiere.com/dtd/idempiereTrl.dtd">--><idempiereTrl language="in_ID" table="AD_Menu">
 <row id="100" trl="Y">
  <value column="Name" original="Invoice Inquiry">Laporan Invoice</value>
  <value column="Description" original=""/>
 </row>
 <row id="153" trl="Y">
  <value column="Name" original="Application Dictionary">Kamus Aplikasi</value>
  <value column="Description" original="Maintain Application Dictionary">Maintain Application Dictionary</value>
 </row>
 <row id="155" trl="Y">
  <value column="Name" original="General Rules">Aturan Umum</value>
  <value column="Description" original=""/>
 </row>
 <row id="156" trl="Y">
  <value column="Name" original="Client Rules">Aturan Klien</value>
  <value column="Description" original="Maintain Client Rules">Maintain Client Rules</value>
 </row>
 <row id="157" trl="Y">
  <value column="Name" original="Data">Data</value>
  <value column="Description" original="Maintain Data">Maintain Data</value>
 </row>
 <row id="158" trl="Y">
  <value column="Name" original="Performance Measurement">Pengukuran Kinerja</value>
  <value column="Description" original=""/>
 </row>
 <row id="159" trl="Y">
  <value column="Name" original="Utility">Utiliti</value>
  <value column="Description" original=""/>
 </row>
 <row id="160" trl="Y">
  <value column="Name" original="Project Management">Manajemen Proyek</value>
  <value column="Description" original=""/>
 </row>
 <row id="161" trl="Y">
  <value column="Name" original="System Rules">Aturan Sistem</value>
  <value column="Description" original="General System Rules">General System Rules</value>
 </row>
 <row id="163" trl="Y">
  <value column="Name" original="Data Import">Impor Data</value>
  <value column="Description" original=""/>
 </row>
 <row id="164" trl="Y">
  <value column="Name" original="Accounting Rules">Aturan Akuntansi</value>
  <value column="Description" original=""/>
 </row>
 <row id="165" trl="Y">
  <value column="Name" original="Business Partner Rules">Aturan Rekan Bisnis</value>
  <value column="Description" original=""/>
 </row>
 <row id="166" trl="Y">
  <value column="Name" original="Quote-to-Invoice">Penjualan</value>
  <value column="Description" original=""/>
 </row>
 <row id="167" trl="Y">
  <value column="Name" original="Material Management Rules">Aturan Manajemen Material</value>
  <value column="Description" original=""/>
 </row>
 <row id="175" trl="Y">
  <value column="Name" original="Organization Rules">Aturan Organisasi</value>
  <value column="Description" original=""/>
 </row>
 <row id="183" trl="Y">
  <value column="Name" original="Material Management">Manajemen Material</value>
  <value column="Description" original=""/>
 </row>
 <row id="203" trl="Y">
  <value column="Name" original="Requisition-to-Invoice">Pembelian</value>
  <value column="Description" original=""/>
 </row>
 <row id="218" trl="Y">
  <value column="Name" original="System Admin">Sistem Admin</value>
  <value column="Description" original=""/>
 </row>
 <row id="236" trl="Y">
  <value column="Name" original="Open Items">Piutang/Hutang (Open Item)</value>
  <value column="Description" original=""/>
 </row>
 <row id="263" trl="Y">
  <value column="Name" original="Partner Relations">Hubungan Partner</value>
  <value column="Description" original="Customer Relations and Partner Management">Customer Relations and Partner Management</value>
 </row>
 <row id="271" trl="Y">
  <value column="Name" original="Service">Service</value>
  <value column="Description" original="Service Management">Service Management</value>
 </row>
 <row id="272" trl="Y">
  <value column="Name" original="Sales and Marketing">Penjualan dan Pemasaran</value>
  <value column="Description" original=""/>
 </row>
 <row id="278" trl="Y">
  <value column="Name" original="Performance Analysis">Analisa Kinerja</value>
  <value column="Description" original=""/>
 </row>
 <row id="280" trl="Y">
  <value column="Name" original="Financial Reporting">Laporan Keuangan</value>
  <value column="Description" original=""/>
 </row>
 <row id="326" trl="Y">
  <value column="Name" original="Printing">Pencetakan</value>
  <value column="Description" original="Print Definition">Print Definition</value>
 </row>
 <row id="345" trl="Y">
  <value column="Name" original="Assets">Aset</value>
  <value column="Description" original=""/>
 </row>
 <row id="357" trl="Y">
  <value column="Name" original="Product Attributes">Atribut Produk</value>
  <value column="Description" original=""/>
 </row>
 <row id="367" trl="Y">
  <value column="Name" original="Security">Keamanan</value>
  <value column="Description" original=""/>
 </row>
 <row id="372" trl="Y">
  <value column="Name" original="Web">Jaringan</value>
  <value column="Description" original=""/>
 </row>
 <row id="392" trl="Y">
  <value column="Name" original="Knowledge Base">Pengetahuan</value>
  <value column="Description" original=""/>
 </row>
 <row id="456" trl="Y">
  <value column="Name" original="Server">Server</value>
  <value column="Description" original="iDempiere Server Maintenance">iDempiere Server Maintenance</value>
 </row>
 <row id="457" trl="Y">
  <value column="Name" original="Sales Orders">Order Penjualan</value>
  <value column="Description" original=""/>
 </row>
 <row id="458" trl="Y">
  <value column="Name" original="Sales Invoices">Invoice Penjualan</value>
  <value column="Description" original=""/>
 </row>
 <row id="459" trl="Y">
  <value column="Name" original="Shipments">Pengiriman</value>
  <value column="Description" original=""/>
 </row>
 <row id="460" trl="Y">
  <value column="Name" original="Market Place">Pasar</value>
  <value column="Description" original=""/>
 </row>
 <row id="501" trl="Y">
  <value column="Name" original="Workflow">Workflow</value>
  <value column="Description" original="iDempiere Workflow">iDempiere Workflow</value>
 </row>
 <row id="522" trl="Y">
  <value column="Name" original="Costing">Costing</value>
  <value column="Description" original=""/>
 </row>
 <row id="528" trl="Y">
  <value column="Name" original="Request">Permintaan</value>
  <value column="Description" original=""/>
 </row>
 <row id="566" trl="Y">
  <value column="Name" original="Collaboration">Kolaborasi</value>
  <value column="Description" original="Collaboration and Content Management">Collaboration and Content Management</value>
 </row>
 <row id="50001" trl="Y">
  <value column="Name" original="Application Packaging">Paket Aplikasi</value>
  <value column="Description" original="Import and export packaging">Import and export packaging</value>
 </row>
 <row id="52001" trl="Y">
  <value column="Name" original="Web POS">POS web</value>
  <value column="Description" original=""/>
 </row>
 <row id="53014" trl="Y">
  <value column="Name" original="Manufacturing Management">Manajemen Manufaktur</value>
  <value column="Description" original="Manufacturing">Manufacturing</value>
 </row>
 <row id="53016" trl="Y">
  <value column="Name" original="Engineering Management">Manajemen Teknik</value>
  <value column="Description" original="Engineering management involves the overall management of organizations with an orientation to manufacturing, engineering, technology or production.">Engineering management involves the overall management of organizations with an orientation to manufacturing, engineering, technology or production.</value>
 </row>
 <row id="53017" trl="Y">
  <value column="Name" original="Resource Manufacturing">Sumber Daya Manufaktur</value>
  <value column="Description" original="Resource Manufacturing">Resource Manufacturing</value>
 </row>
 <row id="53019" trl="Y">
  <value column="Name" original="Manufacturing Workflow">Workflow Manufaktur</value>
  <value column="Description" original=""/>
 </row>
 <row id="53022" trl="Y">
  <value column="Name" original="Bill of Material &amp; Formulas"><![CDATA[Bill of Material & Formula]]></value>
  <value column="Description" original="Bill of Material &amp; Formulas"><![CDATA[Bill of Material & Formulas]]></value>
 </row>
 <row id="53029" trl="Y">
  <value column="Name" original="Planning Management">Manajemen Perencanaan</value>
  <value column="Description" original="Using Planning Management you answer the question: When and How Many products we must get?">Using Planning Management you answer the question: When and How Many products we must get?</value>
 </row>
 <row id="53031" trl="Y">
  <value column="Name" original="Product Planning">Perencanaan Produk</value>
  <value column="Description" original="Product Planning">Product Planning</value>
 </row>
 <row id="53034" trl="Y">
  <value column="Name" original="MRP">MRP</value>
  <value column="Description" original="Materials Requirements Planning">Materials Requirements Planning</value>
 </row>
 <row id="53043" trl="Y">
  <value column="Name" original="CRP">CRP</value>
  <value column="Description" original="Capacity Requirements Planning">Capacity Requirements Planning</value>
 </row>
 <row id="53048" trl="Y">
  <value column="Name" original="DRP">DRP</value>
  <value column="Description" original="Distribution Resource Planning">Distribution Resource Planning</value>
 </row>
 <row id="53052" trl="Y">
  <value column="Name" original="Production Management">Manajemen Produksi</value>
  <value column="Description" original="Production Management">Production Management</value>
 </row>
 <row id="53053" trl="Y">
  <value column="Name" original="Discreet Manufacturing">Manufaktur Diskrit</value>
  <value column="Description" original=""/>
 </row>
 <row id="53061" trl="Y">
  <value column="Name" original="Management Maintenance">Manajemen Pemeliharaan</value>
  <value column="Description" original="Management Maintenance">Management Maintenance</value>
 </row>
 <row id="53063" trl="Y">
  <value column="Name" original="Activity Control">Pengendalian Kegiatan</value>
  <value column="Description" original="Activity Control">Activity Control</value>
 </row>
 <row id="53066" trl="Y">
  <value column="Name" original="Distribution Management">Manajemen Distribusi</value>
  <value column="Description" original="Distribution Resource Planning (DRP) is a method used in business administration for planning orders within a supply chain. ">Distribution Resource Planning (DRP) is a method used in business administration for planning orders within a supply chain. </value>
 </row>
 <row id="53071" trl="Y">
  <value column="Name" original="Quality Management">Manajemen Mutu</value>
  <value column="Description" original="Quality Management">Quality Management</value>
 </row>
 <row id="53074" trl="Y">
  <value column="Name" original="Standard Costing Management">Manajemen Standar Costing</value>
  <value column="Description" original="Standard Costing Management">Standard Costing Management</value>
 </row>
 <row id="53091" trl="Y">
  <value column="Name" original="Global Tax Management">Manajemen Pajak global</value>
  <value column="Description" original=""/>
 </row>
 <row id="53098" trl="Y">
  <value column="Name" original="Replication Data">Replikasi Data</value>
  <value column="Description" original=""/>
 </row>
 <row id="53108" trl="Y">
  <value column="Name" original="Human Resource &amp; Payroll"><![CDATA[Sumber Daya Manusia & Payroll]]></value>
  <value column="Description" original="Human Resource &amp; Payroll"><![CDATA[Human Resource & Payroll]]></value>
 </row>
 <row id="53109" trl="Y">
  <value column="Name" original="Human Resource">Sumber Daya Manusia</value>
  <value column="Description" original=""/>
 </row>
 <row id="53114" trl="Y">
  <value column="Name" original="Payroll">Payroll</value>
  <value column="Description" original=""/>
 </row>
 <row id="53133" trl="Y">
  <value column="Name" original="Customer Service">Pelayanan Pelanggan</value>
  <value column="Description" original="Customer Related Assets">Customer Related Assets</value>
 </row>
 <row id="53136" trl="Y">
  <value column="Name" original="Asset Revaluation">Revaluasi Aset</value>
  <value column="Description" original="Process Asset Revaluations">Process Asset Revaluations</value>
 </row>
 <row id="53139" trl="Y">
  <value column="Name" original="Asset Transactions ">Transaksi Aset</value>
  <value column="Description" original="Asset Transactions (Addition, Disposal, Split &amp; Transfer)"><![CDATA[Asset Transactions (Addition, Disposal, Split & Transfer)]]></value>
 </row>
 <row id="53149" trl="Y">
  <value column="Name" original="Depreciation Processing">Proses Penyusutan</value>
  <value column="Description" original="Applications to Process Fixed Assets to the GL">Applications to Process Fixed Assets to the GL</value>
 </row>
 <row id="53155" trl="Y">
  <value column="Name" original="Reporting">Pelaporan</value>
  <value column="Description" original="Reporting for fixed assets">Reporting for fixed assets</value>
 </row>
 <row id="53171" trl="Y">
  <value column="Name" original="Depreciation Setup">Pengaturan Penyusutan</value>
  <value column="Description" original="Applications to setup and maintain depreciation">Applications to setup and maintain depreciation</value>
 </row>
 <row id="53180" trl="Y">
  <value column="Name" original="Forecast Management">Manajemen Prediksi</value>
  <value column="Description" original=""/>
 </row>
 <row id="53242" trl="Y">
  <value column="Name" original="Returns">Retur</value>
  <value column="Description" original=""/>
 </row>
 <row id="53247" trl="Y">
  <value column="Name" original="EDI">EDI</value>
  <value column="Description" original=""/>
 </row>
 <row id="53296" trl="Y">
  <value column="Name" original="Manufacturing">Produksi</value>
  <value column="Description" original=""/>
 </row>
 <row id="53363" trl="Y">
  <value column="Name" original="Sales Management">Manajemen Penjualan</value>
  <value column="Description" original=""/>
 </row>
 <row id="200095" trl="Y">
  <value column="Name" original="Import Template">Template Impor</value>
  <value column="Description" original=""/>
 </row>
 <row trl="Y" uuid="c836946c-efd7-45bc-ba0c-188507a1c0eb">
  <value column="Name" original="Custom">Kustom</value>
  <value column="Description" original=""/>
 </row>
 <row trl="Y" uuid="08bbc2e0-d67c-4729-a022-afb8ae112651">
  <value column="Name" original="Kanban Board">Kanban Board</value>
  <value column="Description" original=""/>
 </row>
 <row trl="Y" uuid="39028b2a-5dbf-4add-900a-f7aa179b2e58">
  <value column="Name" original="Wanda POS Synchronisation">Sinkronisasi POS Wanda</value>
  <value column="Description" original="Synchronize Products, Customers and Orders between iDempiere and Wanda POS">Synchronize Products, Customers and Orders between iDempiere and Wanda POS</value>
 </row>
 <row trl="Y" uuid="dc136462-c41b-4eff-b90d-720dce81bd61">
  <value column="Name" original="Business Reports">Laporan Bisnis</value>
  <value column="Description" original="Jasperreports contribution by Niemcor South Africa">Jasperreports contribution by Niemcor South Africa</value>
 </row>
 <row trl="Y" uuid="ea747239-b8fd-43d7-98a9-c2b110c7fb5c">
  <value column="Name" original="Point of Sales">Farmasi</value>
  <value column="Description" original=""/>
 </row>
 <row trl="Y" uuid="3bae5a42-8e43-4c79-9a73-575e0a504860">
  <value column="Name" original="SmartPOS">POS</value>
  <value column="Description" original=""/>
 </row>
 <row trl="Y" uuid="f62a384b-eeff-4bb3-b412-cebd71f065c5">
  <value column="Name" original="Prepare close cash">Persiapan Tutup Kas</value>
  <value column="Description" original=""/>
 </row>
 <row trl="Y" uuid="574963d2-8c41-4d33-b4fb-d7530edb9d4f">
  <value column="Name" original="Loyalty">Loyalti</value>
  <value column="Description" original=""/>
 </row>
 <row trl="Y" uuid="a18acb98-2108-4004-b6ae-b5d794e14e96">
  <value column="Name" original="Colombia Localization">Colombia Localization</value>
  <value column="Description" original=""/>
 </row>
 <row trl="Y" uuid="15b4307e-555b-4e93-a48f-7132edfd324c">
  <value column="Name" original="Withholdings">Withholdings</value>
  <value column="Description" original=""/>
 </row>
 <row trl="Y" uuid="bf7e8351-a152-4187-a67a-cba559b5d6ab">
  <value column="Name" original="Points Transaction">Transaksi Poin</value>
  <value column="Description" original=""/>
 </row>
 <row trl="Y" uuid="345c3229-12ac-4dad-9583-9cffd7399b79">
  <value column="Name" original="Buy Points">Beli Poin</value>
  <value column="Description" original=""/>
 </row>
 <row trl="Y" uuid="c3b102fd-c0d4-4522-93b7-24933df424a7">
  <value column="Name" original="Transfer Points">Transfer Poin</value>
  <value column="Description" original=""/>
 </row>
 <row trl="Y" uuid="04ebe021-bf19-40cb-83c1-4657877a3b0c">
  <value column="Name" original="Member/Beneficiaries Report">Laporan Member/Penerima</value>
  <value column="Description" original=""/>
 </row>
 <row trl="Y" uuid="ab3d6dae-ba60-42d6-9d8a-7fce295203d8">
  <value column="Name" original="Member/Beneficiary Simplified">Member/Penerima Disederhanakan</value>
  <value column="Description" original=""/>
 </row>
 <row trl="N" uuid="edea0849-893a-4bc3-8353-d5c3942c8970">
  <value column="Name" original="BOM Drop">BOM Drop</value>
  <value column="Description" original=""/>
 </row>
 <row trl="N" uuid="d2d82086-4571-4354-bb05-07ec3028d468">
  <value column="Name" original="Bill of Materials &amp; Formula ">BOM Definition</value>
  <value column="Description" original="Maintain Product Bill of Materials &amp; Formula "><![CDATA[Maintain Product Bill of Materials & Formula ]]></value>
 </row>
 <row trl="N" uuid="d3f6bbee-852b-4667-baf4-afc1fe0c675d">
  <value column="Name" original="JP Simple Input Window">JP Simple Input Window</value>
  <value column="Description" original="JPIERE-0111:JPPS">JPIERE-0111:JPPS</value>
 </row>
</idempiereTrl>
