<?xml version="1.0" encoding="UTF-8" standalone="no"?>
<!--iDempiere(r) Release 2.1_2014-10-31 -Smart Suite ERP, CRM and SCM- (c) 1999-2013 iDempiere(r); Implementation: iDempiere - Supported by iDempiere community--><!--<!DOCTYPE idempiereTrl PUBLIC "-//ComPiere, Inc.//DTD iDempiere Translation 1.0//EN" "http://www.idempiere.com/dtd/idempiereTrl.dtd">--><idempiereTrl language="in_ID" table="AD_Process_Para">
 <row id="227" trl="N">
  <value column="Name" original="Delete existing Accounting Entries">Delete existing Accounting Entries</value>
  <value column="Description" original="The selected accounting entries will be deleted!  DANGEROUS !!!">The selected accounting entries will be deleted!  DANGEROUS !!!</value>
  <value column="Help" original=""/>
 </row>
 <row id="233" trl="N">
  <value column="Name" original="Pricelist Version">Pricelist Version</value>
  <value column="Description" original="Only used if Price List is used to set future/standard cost price">Only used if Price List is used to set future cost price</value>
  <value column="Help" original=""/>
 </row>
 <row id="302" trl="N">
  <value column="Name" original="Overwrite Payment Rule">Target Payment Rule</value>
  <value column="Description" original="Overwrite how to pay the invoice">How you pay the invoice</value>
  <value column="Help" original="The Payment Rule indicates how the incoice will be settled - you can overwrite the value from the invoice.">The Payment Rule indicates the method of invoice payment.</value>
 </row>
 <row id="315" trl="N">
  <value column="Name" original="From User">From User</value>
  <value column="Description" original="Send EMail from user">Send EMail from user</value>
  <value column="Help" original="The email is sent from the user selected - otherwise it is sent from the request email address of the client">The email is sent from the user selected - otherwise it is sent from the request email address of the client</value>
 </row>
 <row id="452" trl="N">
  <value column="Name" original="Maintenance Mode">Maintenance Mode</value>
  <value column="Description" original="Language Maintenance Mode">Language Maintenance Mode</value>
  <value column="Help" original=""/>
 </row>
 <row id="467" trl="N">
  <value column="Name" original="Existing Organization">Existing Organization</value>
  <value column="Description" original="Organizational entity within client - set to empty if you want to create a new organization">Organizational entity within client - set to empty if you want to create a new organization</value>
  <value column="Help" original="An organization is a unit of your client or legal entity - examples are store, department. You can share data between organizations.">An organization is a unit of your client or legal entity - examples are store, department. You can share data between organizations.</value>
 </row>
 <row id="469" trl="N">
  <value column="Name" original="Limit Access to Role">Limit Access to Role</value>
  <value column="Description" original="If no Role is selected, grant access to all (non-manual) roles of the Client">If no Role is selected, grant access to all (non-manual) roles of the Client</value>
  <value column="Help" original="The Role determines security and access a user who has this Role will have in the System.">The Role determines security and access a user who has this Role will have in the System.</value>
 </row>
 <row id="493" trl="N">
  <value column="Name" original="New User/Contact">New User/Contact</value>
  <value column="Description" original="User within the system - Internal or Business Partner Contact">User within the system - Internal or Business Partner Contact</value>
  <value column="Help" original="The User identifies a unique user in the system. This could be an internal user or a business partner contact">The User identifies a unique user in the system. This could be an internal user or a business partner contact</value>
 </row>
 <row id="494" trl="N">
  <value column="Name" original="New Workflow Responsible">New Workflow Responsible</value>
  <value column="Description" original="Responsible for Workflow Execution">Responsible for Workflow Execution</value>
  <value column="Help" original="The ultimate responsibility for a workflow is with an actual user. The Workflow Responsible allows to define ways to find that actual User.">The ultimate responsibility for a workflow is with an actual user. The Workflow Responsible allows to define ways to find that actual User.</value>
 </row>
 <row id="496" trl="N">
  <value column="Name" original="New User/Contact">New User/Contact</value>
  <value column="Description" original="User within the system - Internal or Business Partner Contact">User within the system - Internal or Business Partner Contact</value>
  <value column="Help" original="The User identifies a unique user in the system. This could be an internal user or a business partner contact">The User identifies a unique user in the system. This could be an internal user or a business partner contact</value>
 </row>
 <row id="497" trl="N">
  <value column="Name" original="New Workflow Responsible">New Workflow Responsible</value>
  <value column="Description" original="Responsible for Workflow Execution">Responsible for Workflow Execution</value>
  <value column="Help" original="The ultimate responsibility for a workflow is with an actual user. The Workflow Responsible allows to define ways to find that actual User.">The ultimate responsibility for a workflow is with an actual user. The Workflow Responsible allows to define ways to find that actual User.</value>
 </row>
 <row id="523" trl="N">
  <value column="Name" original="Default Sales Rep">Default Sales Rep</value>
  <value column="Description" original="If not defined on Business Partner Level">If not defined on Business Partner Level</value>
  <value column="Help" original=""/>
 </row>
 <row id="524" trl="N">
  <value column="Name" original="Dunning Currency">Dunning Currency</value>
  <value column="Description" original="Currency to create Dunning Letters">Currency to create Dunning Letters</value>
  <value column="Help" original=""/>
 </row>
 <row id="50001" trl="N">
  <value column="Name" original="Role To">Role To</value>
  <value column="Description" original="Responsibility Role">Responsibility Role</value>
  <value column="Help" original="The Role determines security and access a user who has this Role will have in the System.">The Role determines security and access a user who has this Role will have in the System.</value>
 </row>
 <row id="50002" trl="N">
  <value column="Name" original="Role From">Role From</value>
  <value column="Description" original="Responsibility Role">Responsibility Role</value>
  <value column="Help" original="The Role determines security and access a user who has this Role will have in the System.">The Role determines security and access a user who has this Role will have in the System.</value>
 </row>
 <row id="50019" trl="N">
  <value column="Name" original="Shipment Date">Shipment Date</value>
  <value column="Description" original="Date printed on shipment">Date printed on shipment</value>
  <value column="Help" original="The Shipment Date indicates the date printed on the shipment.">The Shipment Date indicates the date printed on the shipment.</value>
 </row>
 <row id="53011" trl="N">
  <value column="Name" original="Print Unprocessed Entries Only">Print Unprocessed Entries Only</value>
  <value column="Description" original="Print the unprocessed (unprinted) entries of the dunning run only.">Print the unprocessed (unprinted) entries of the dunning run only.</value>
  <value column="Help" original="Print the unprocessed (unprinted) entries of the dunning run only. This allows you to reprint only certain dunning entries.">Print the unprocessed (unprinted) entries of the dunning run only. This allows you to reprint only certain dunning entries.</value>
 </row>
 <row id="53025" trl="N">
  <value column="Name" original="Purchase Price List Version">Purchase Price List Version</value>
  <value column="Description" original=""/>
  <value column="Help" original=""/>
 </row>
 <row id="53030" trl="N">
  <value column="Name" original="New Product">New Product</value>
  <value column="Description" original=""/>
  <value column="Help" original=""/>
 </row>
 <row id="53032" trl="N">
  <value column="Name" original="Action">Action</value>
  <value column="Description" original=""/>
  <value column="Help" original=""/>
 </row>
 <row id="53066" trl="N">
  <value column="Name" original="Is Print Pack &amp; Tools List"><![CDATA[Is Print Pack & Tools List]]></value>
  <value column="Description" original=""/>
  <value column="Help" original=""/>
 </row>
 <row id="53068" trl="N">
  <value column="Name" original="Is Print Pick List">Is Print Pick List</value>
  <value column="Description" original=""/>
  <value column="Help" original=""/>
 </row>
 <row id="53069" trl="N">
  <value column="Name" original="Is Print Workflow">Is Print Workflow</value>
  <value column="Description" original=""/>
  <value column="Help" original=""/>
 </row>
 <row id="53127" trl="N">
  <value column="Name" original="Generate Fields">Generate Fields</value>
  <value column="Description" original=""/>
  <value column="Help" original=""/>
 </row>
 <row id="53131" trl="N">
  <value column="Name" original="Scripts Path">Scripts Path</value>
  <value column="Description" original=""/>
  <value column="Help" original=""/>
 </row>
 <row id="53142" trl="N">
  <value column="Name" original="Includes only the Tabs that Insert records">Includes only the Tabs that Insert records</value>
  <value column="Description" original="Generated Export Format for the Tabs with Insert Record is Yes">Generated Export Format for the Tabs with Insert Record is Yes</value>
  <value column="Help" original=""/>
 </row>
 <row id="53143" trl="N">
  <value column="Name" original="Includes only the mandatory columns">Includes only the mandatory columns</value>
  <value column="Description" original="Generated an Export Format Line  if the column is mandatory ">Generated an Export Format Line  if the column is mandatory </value>
  <value column="Help" original=""/>
 </row>
 <row id="53219" trl="N">
  <value column="Name" original="Based in DRP Demand">Based in DRP Demand</value>
  <value column="Description" original="Based in DRP Demand">Based in DRP Demand</value>
  <value column="Help" original=""/>
 </row>
 <row id="53232" trl="N">
  <value column="Name" original="Bank Account From">Bank Account From</value>
  <value column="Description" original=""/>
  <value column="Help" original=""/>
 </row>
 <row id="53233" trl="N">
  <value column="Name" original="Bank Account To">Bank Account To</value>
  <value column="Description" original=""/>
  <value column="Help" original=""/>
 </row>
 <row id="53243" trl="N">
  <value column="Name" original="Valid from">Valid from</value>
  <value column="Description" original="Valid from including this date (first day)">Valid from including this date (first day)</value>
  <value column="Help" original="The Valid From date indicates the first day of a date range">The Valid From date indicates the first day of a date range</value>
 </row>
 <row id="53246" trl="N">
  <value column="Name" original="Bank Account From">Bank Account From</value>
  <value column="Description" original=""/>
  <value column="Help" original=""/>
 </row>
 <row id="53247" trl="N">
  <value column="Name" original="Bank Account To">Bank Account To</value>
  <value column="Description" original=""/>
  <value column="Help" original=""/>
 </row>
 <row id="53263" trl="N">
  <value column="Name" original="Account Date">Account Date</value>
  <value column="Description" original="Optional account date range">Optional account date range</value>
  <value column="Help" original="Only documents within this date range which are also in open periods will be reset.">Only documents within this date range which are also in open periods will be reset.</value>
 </row>
 <row id="53282" trl="N">
  <value column="Name" original="Client Name">Client Name</value>
  <value column="Description" original=""/>
  <value column="Help" original=""/>
 </row>
 <row id="53284" trl="N">
  <value column="Name" original="Administrative User Name">Administrative User Name</value>
  <value column="Description" original=""/>
  <value column="Help" original=""/>
 </row>
 <row id="53285" trl="N">
  <value column="Name" original="Normal User Name">Normal User Name</value>
  <value column="Description" original=""/>
  <value column="Help" original=""/>
 </row>
 <row id="53289" trl="N">
  <value column="Name" original="City Name">City Name</value>
  <value column="Description" original=""/>
  <value column="Help" original=""/>
 </row>
 <row id="53291" trl="N">
  <value column="Name" original="BP Accounting">BP Accounting</value>
  <value column="Description" original="Use BP accounting dimension">Use BP accounting dimension</value>
  <value column="Help" original="Define if this client will use business partner accounting dimension.  This can be changed later in Accounting Schema window of the client.">Define if this client will use business partner accounting dimension.  This can be changed later in Accounting Schema window of the client.</value>
 </row>
 <row id="53292" trl="N">
  <value column="Name" original="Product Accounting">Product Accounting</value>
  <value column="Description" original="Use Product accounting dimension">Use Product accounting dimension</value>
  <value column="Help" original="Define if this client will use product accounting dimension.  This can be changed later in Accounting Schema window of the client.">Define if this client will use product accounting dimension.  This can be changed later in Accounting Schema window of the client.</value>
 </row>
 <row id="53293" trl="N">
  <value column="Name" original="Project Accounting">Project Accounting</value>
  <value column="Description" original="Use Project accounting dimension">Use Project accounting dimension</value>
  <value column="Help" original="Define if this client will use project accounting dimension.  This can be changed later in Accounting Schema window of the client.">Define if this client will use project accounting dimension.  This can be changed later in Accounting Schema window of the client.</value>
 </row>
 <row id="53294" trl="N">
  <value column="Name" original="Campaign Accounting">Campaign Accounting</value>
  <value column="Description" original="Use Campaign accounting dimension">Use Campaign accounting dimension</value>
  <value column="Help" original="Define if this client will use campaign accounting dimension.  This can be changed later in Accounting Schema window of the client.">Define if this client will use campaign accounting dimension.  This can be changed later in Accounting Schema window of the client.</value>
 </row>
 <row id="53295" trl="N">
  <value column="Name" original="Sales Region Accounting">Sales Region Accounting</value>
  <value column="Description" original="Use Sales Region accounting dimension">Use Sales Region accounting dimension</value>
  <value column="Help" original="Define if this client will use sales region accounting dimension.  This can be changed later in Accounting Schema window of the client.">Define if this client will use sales region accounting dimension.  This can be changed later in Accounting Schema window of the client.</value>
 </row>
 <row id="53296" trl="N">
  <value column="Name" original="Chart of Accounts File">Chart of Accounts File</value>
  <value column="Description" original="Location of the chart of accounts to be used with this client.  At this stage just the default accounts will be created.">Location of the chart of accounts to be used with this client.  At this stage just the default accounts will be created.</value>
  <value column="Help" original=""/>
 </row>
 <row id="53314" trl="N">
  <value column="Name" original="Full rebuild">Full rebuild</value>
  <value column="Description" original="Delete all existing summary data and recalculate.">Delete all existing summary data and recalculate.</value>
  <value column="Help" original="If not selected, only those periods with recently posted accounting facts will be recalculated.">If not selected, only those periods with recently posted accounting facts will be recalculated.</value>
 </row>
 <row id="53316" trl="N">
  <value column="Name" original="Force">Force</value>
  <value column="Description" original="Force rebuild of cube even if locked.">Force rebuild of cube even if locked.</value>
  <value column="Help" original=""/>
 </row>
 <row id="53485" trl="N">
  <value column="Name" original="Periodicity">Periodicity</value>
  <value column="Description" original=""/>
  <value column="Help" original=""/>
 </row>
 <row id="53486" trl="N">
  <value column="Name" original="Repetitions">Repetitions</value>
  <value column="Description" original=""/>
  <value column="Help" original=""/>
 </row>
 <row id="53516" trl="N">
  <value column="Name" original="Recreate">Recreate</value>
  <value column="Description" original="Overwrite existing production lines">Overwrite existing production lines</value>
  <value column="Help" original=""/>
 </row>
 <row id="53517" trl="N">
  <value column="Name" original="Production Quantity">Production Quantity</value>
  <value column="Description" original="Quantity of products to produce">Quantity of products to produce</value>
  <value column="Help" original="The Production Quantity identifies the number of products to produce">The Production Quantity identifies the number of products to produce</value>
 </row>
 <row id="53526" trl="N">
  <value column="Name" original="Is Kanban">Is Kanban</value>
  <value column="Description" original=""/>
  <value column="Help" original=""/>
 </row>
 <row id="53556" trl="N">
  <value column="Name" original="Queue Path for Products">Queue Path for Products</value>
  <value column="Description" original="Set Queue PATH for either Products">Set Queue PATH for either Products</value>
  <value column="Help" original="POS' openbravo.properties must also be same Products-Queue ">POS' openbravo.properties must also be same Products-Queue </value>
 </row>
 <row id="53561" trl="N">
  <value column="Name" original="Test Run">Test Run</value>
  <value column="Description" original="If Yes will not remove record after reading">If Yes will not remove record after reading</value>
  <value column="Help" original="Usually Orders are removed from queue after reading. But if you want to just review the Import Order table and then import again the same queue, then tick this box. If you wish to read again and have the queue removed then do not tick this box. You may need to delete all imported records if you are importing again to avoid conflict.">Usually Orders are removed from queue after reading. But if you want to just review the Import Order table and then import again the same queue, then tick this box. If you wish to read again and have the queue removed then do not tick this box. You may need to delete all imported records if you are importing again to avoid conflict.</value>
 </row>
 <row id="53566" trl="N">
  <value column="Name" original="Queue Path for Customers">Queue Path for Customers</value>
  <value column="Description" original="Set Queue Path for Customers at MQ">Set Queue Path for Customers at MQ</value>
  <value column="Help" original="POS' openbravo.properties must be the same path for customers">POS' openbravo.properties must be the same path for customers</value>
 </row>
 <row id="53567" trl="N">
  <value column="Name" original="Erase Last Queues">Erase Last Queues</value>
  <value column="Description" original="Erase last messages from Product/Customer queues">Erase last messages from Product/Customer queues</value>
  <value column="Help" original="Keep both Products and Customer Queue Paths blank for this to work">Keep both Products and Customer Queue Paths blank for this to work</value>
 </row>
 <row id="53582" trl="N">
  <value column="Name" original="CreateOpportunity">CreateOpportunity</value>
  <value column="Description" original="Create Opportunity">Create Opportunity</value>
  <value column="Help" original="Create a new Sales Opportunity when converting a lead">Create a new Sales Opportunity when converting a lead</value>
 </row>
 <row id="200005" trl="N">
  <value column="Name" original="New EMail Confirm">New EMail Confirm</value>
  <value column="Description" original=""/>
  <value column="Help" original=""/>
 </row>
 <row id="200007" trl="N">
  <value column="Name" original="Reset Existing Access">Reset Existing Access</value>
  <value column="Description" original="Reset Existing Access">Reset Existing Access</value>
  <value column="Help" original=""/>
 </row>
 <row id="200055" trl="N">
  <value column="Name" original="Product">Product</value>
  <value column="Description" original="Please enter the product (component) you wish to search for">Please enter the product (component) you wish to search for</value>
  <value column="Help" original=""/>
 </row>
 <row id="200060" trl="N">
  <value column="Name" original="Financial Year Month">Financial Year Month</value>
  <value column="Description" original="The only valid date format is: YYYY-MM">The only valid date format is: YYYY-MM</value>
  <value column="Help" original="The only valid date format is: YYYY-MM">The only valid date format is: YYYY-MM</value>
 </row>
 <row id="200062" trl="N">
  <value column="Name" original="Financial Year Month">Financial Year Month</value>
  <value column="Description" original="The only valid date format is: YYYY-MM">The only valid date format is: YYYY-MM</value>
  <value column="Help" original="The only valid date format is: YYYY-MM">The only valid date format is: YYYY-MM</value>
 </row>
 <row id="200071" trl="N">
  <value column="Name" original="Document Type">Document Type</value>
  <value column="Description" original="Inventory Cost Adjustment Document Type">Inventory Cost Adjustment Document Type</value>
  <value column="Help" original=""/>
 </row>
 <row id="200074" trl="N">
  <value column="Name" original="Administrative User Email">Administrative User Email</value>
  <value column="Description" original=""/>
  <value column="Help" original=""/>
 </row>
 <row id="200075" trl="N">
  <value column="Name" original="Normal User Email">Normal User Email</value>
  <value column="Description" original=""/>
  <value column="Help" original=""/>
 </row>
 <row id="200077" trl="N">
  <value column="Name" original="Created Since">Created Since</value>
  <value column="Description" original=""/>
  <value column="Help" original=""/>
 </row>
 <row id="200082" trl="N">
  <value column="Name" original="Reset Budget Instance">Reset Budget Instance</value>
  <value column="Description" original="Reset to Budget Configurator Settings">Reset to Budget Configurator Settings</value>
  <value column="Help" original="This will reset the Budget Config Instance when changes are made since last time.">This will reset the Budget Config Instance when changes are made since last time.</value>
 </row>
 <row id="200083" trl="N">
  <value column="Name" original="Align Previous">Align Previous</value>
  <value column="Description" original="Slect align previous budget figure">Slect align previous budget figure</value>
  <value column="Help" original="Select Average, Higher or Lower alignment with previous figures">Select Average, Higher or Lower alignment with previous figures</value>
 </row>
 <row id="200091" trl="N">
  <value column="Name" original="Previous Years">Previous Years</value>
  <value column="Description" original="No of years back to generate test data">No of years back to generate test data</value>
  <value column="Help" original="First period of the years back from present year.">First period of the years back from present year.</value>
 </row>
 <row id="200092" trl="N">
  <value column="Name" original="Initial Value">Initial Value</value>
  <value column="Description" original="Initial amount ">Initial amount </value>
  <value column="Help" original=""/>
 </row>
 <row id="200093" trl="N">
  <value column="Name" original="Increment">Increment</value>
  <value column="Description" original="Increment value each period">Increment value each period</value>
  <value column="Help" original="Increment will be added from initial year progressively until present period year">Increment will be added from initial year progressively until present period year</value>
 </row>
 <row id="200102" trl="N">
  <value column="Name" original="Cost Adjustment Document Type">Cost Adjustment Document Type</value>
  <value column="Description" original=""/>
  <value column="Help" original=""/>
 </row>
 <row trl="N" uuid="0c82f4f6-43fd-4b47-95f7-59f81a3a34b2">
  <value column="Name" original="Payroll Payments">Payroll Payments</value>
  <value column="Description" original=""/>
  <value column="Help" original=""/>
 </row>
 <row trl="N" uuid="1ca6c532-9066-45af-849b-b0822bb5e494">
  <value column="Name" original="Product ID">M_Product_ID</value>
  <value column="Description" original=""/>
  <value column="Help" original=""/>
 </row>
 <row trl="N" uuid="225dcaa1-1ea8-4e92-b989-3927d5368b9b">
  <value column="Name" original="Some String">SomeString</value>
  <value column="Description" original=""/>
  <value column="Help" original=""/>
 </row>
 <row trl="N" uuid="3997ae28-1a41-469b-9784-7c8be26ec4e2">
  <value column="Name" original="Some Integer">SomeInteger</value>
  <value column="Description" original=""/>
  <value column="Help" original=""/>
 </row>
 <row trl="N" uuid="c61238aa-501f-4070-994e-5d0fdbd7fa02">
  <value column="Name" original="Client ID">CLIENT_ID</value>
  <value column="Description" original="Client ID">Client ID</value>
  <value column="Help" original=""/>
 </row>
 <row trl="N" uuid="493390f2-5a63-48a1-b302-b529b7fce529">
  <value column="Name" original="Org ID">ORG_ID</value>
  <value column="Description" original="Org ID">Org ID</value>
  <value column="Help" original=""/>
 </row>
 <row trl="N" uuid="4ca7d26c-f0e9-48bc-9c4f-22e13abbdfe9">
  <value column="Name" original="Start Date">Start Date</value>
  <value column="Description" original="Start Date">Start Date</value>
  <value column="Help" original=""/>
 </row>
 <row trl="N" uuid="c493b036-0721-4d0c-bbe7-e1e239419c4a">
  <value column="Name" original="End Date">End Date</value>
  <value column="Description" original="End Date">End Date</value>
  <value column="Help" original=""/>
 </row>
 <row trl="N" uuid="c038f209-d2e9-40b7-ae40-6f9e4e217e80">
  <value column="Name" original="Host">Host</value>
  <value column="Description" original="Set the host for the ActiveMQ Server.">Set the host for the ActiveMQ Server.</value>
  <value column="Help" original="Eg : &quot;localhost&quot; .The ActiveMQ service at that host should be up and running.">Eg : "localhost" .The ActiveMQ service at that host should be up and running.</value>
 </row>
 <row trl="N" uuid="cbd05407-588e-4dd8-9626-3a04c58c7555">
  <value column="Name" original="Port">Port</value>
  <value column="Description" original="Set ActiveMQ's Port.">Set ActiveMQ's Port.</value>
  <value column="Help" original="Eg : 61614. The port is hard set to 61616.">Eg : 61614. The port is hard set to 61616.</value>
 </row>
 <row trl="N" uuid="c9cb2be7-9abf-410c-9a1b-7f36574a1c21">
  <value column="Name" original="Username">Username</value>
  <value column="Description" original="Set the ActiveMQ's username.">Set the ActiveMQ's username.</value>
  <value column="Help" original="You must put username you have set in your ActiveMQ Server. Eg : &quot;admin&quot;.">You must put username you have set in your ActiveMQ Server. Eg : "admin".</value>
 </row>
 <row trl="N" uuid="f17e3ff5-7ae9-4a01-a215-1690a1aaaa6e">
  <value column="Name" original="Password">Password</value>
  <value column="Description" original="Set ActiveMQ's password.">Set ActiveMQ's password.</value>
  <value column="Help" original="You mus put the password you have set in your ActiveMQ Sever.">You mus put the password you have set in your ActiveMQ Sever.</value>
 </row>
 <row trl="N" uuid="88f294a2-42b5-4cf0-8f10-67be29841309">
  <value column="Name" original="Orders Queue Name">Orders Queue Name</value>
  <value column="Description" original="Set the Orders's Queue Name/">Set the Orders's Queue Name/</value>
  <value column="Help" original="This name and the value set in openbravo.properties(WandaPOS)  should be same Customers Queue.">This name and the value set in openbravo.properties(WandaPOS)  should be same Customers Queue.</value>
 </row>
 <row trl="N" uuid="c24f555b-e8e5-4610-a200-15d283ed2ba5">
  <value column="Name" original="Test Run">Test Run</value>
  <value column="Description" original="If Yes will not remove record after reading.">If Yes will not remove record after reading.</value>
  <value column="Help" original="Usually Orders are removed from queue after reading. But if you want to just review the Import Order table and then import again the same queue, then tick this box. If you wish to read again and have the queue removed then do not tick this box. You may need to delete all imported records if you are importing again to avoid conflict.m">Usually Orders are removed from queue after reading. But if you want to just review the Import Order table and then import again the same queue, then tick this box. If you wish to read again and have the queue removed then do not tick this box. You may need to delete all imported records if you are importing again to avoid conflict.m</value>
 </row>
 <row trl="N" uuid="a3cbe1e1-0999-480b-b083-a2c2f3583afc">
  <value column="Name" original="Username">Username</value>
  <value column="Description" original="Set the ActiveMQ's username">Set the ActiveMQ's username</value>
  <value column="Help" original="You must put username you have set in your ActiveMQ Server. Eg : &quot;admin&quot;.">You must put username you have set in your ActiveMQ Server. Eg : "admin".</value>
 </row>
 <row trl="N" uuid="cebacc6e-6bf0-4948-a08d-392f05131e73">
  <value column="Name" original="Host">Host</value>
  <value column="Description" original="Set the host for the ActiveMQ Server.">Set the host for the ActiveMQ Server.</value>
  <value column="Help" original="Eg : &quot;localhost&quot; .The ActiveMQ service at that host should be up and running.">Eg : "localhost" .The ActiveMQ service at that host should be up and running.</value>
 </row>
 <row trl="N" uuid="2f3e43ab-716e-488a-a21d-25f48f669908">
  <value column="Name" original="Port">Port</value>
  <value column="Description" original="Set ActiveMQ's Port">Set ActiveMQ's Port</value>
  <value column="Help" original="Eg : 61614. The port is hard set to 61616.">Eg : 61614. The port is hard set to 61616.</value>
 </row>
 <row trl="N" uuid="029f807b-069b-4237-badd-49aa11d93d43">
  <value column="Name" original="Products Queue Name">Products Queue Name</value>
  <value column="Description" original="Set the name of Products Queue.">Set the name of Products Queue.</value>
  <value column="Help" original="This name and the value set in openbravo.properties(WandaPOS) should also be same Products Queue.">This name and the value set in openbravo.properties(WandaPOS) should also be same Products Queue.</value>
 </row>
 <row trl="N" uuid="8c822b83-df70-4fcc-beab-1ef441340f94">
  <value column="Name" original="Customers Queue Name">Customers Queue Name</value>
  <value column="Description" original="Set the Customers's Queue Name">Set the Customers's Queue Name</value>
  <value column="Help" original="This name and the value set in openbravo.properties(WandaPOS)  should be same Customers Queue.">This name and the value set in openbravo.properties(WandaPOS)  should be same Customers Queue.</value>
 </row>
 <row trl="N" uuid="699ef745-b172-4b9d-8df7-9d5637994954">
  <value column="Name" original="Password">Password</value>
  <value column="Description" original="Set ActiveMQ's password">Set ActiveMQ's password</value>
  <value column="Help" original="You mus put the password you have set in your ActiveMQ Sever.">You mus put the password you have set in your ActiveMQ Sever.</value>
 </row>
 <row trl="N" uuid="33877cc8-d752-4845-9d12-4334ed8365e9">
  <value column="Name" original="Self Service">Self Service</value>
  <value column="Description" original="SelfService flag for Products">SelfService flag for Products</value>
  <value column="Help" original="Set to N if you want to publish products listed as N in IsSelfService checkbox.">Set to N if you want to publish products listed as N in IsSelfService checkbox.</value>
 </row>
 <row trl="N" uuid="f944cee2-7d79-4189-b934-b7ec190b98d3">
  <value column="Name" original="Erase Queue">Erase Queue</value>
  <value column="Description" original="Clear All the queue">Clear All the queue</value>
  <value column="Help" original="Check this box if you want to clear all the messages in the Products's Queue and Customers's Queue">Check this box if you want to clear all the messages in the Products's Queue and Customers's Queue</value>
 </row>
 <row trl="N" uuid="b043265b-90ff-4891-854d-732d7d50c239">
  <value column="Name" original="Products Category">Products Category</value>
  <value column="Description" original="Set Products Category">Set Products Category</value>
  <value column="Help" original="Leave blank if you want to set Customers Category for exporting customers.">Leave blank if you want to set Customers Category for exporting customers.</value>
 </row>
 <row trl="N" uuid="9efc4819-7ff3-43a2-9cc9-7cb905b8929d">
  <value column="Name" original="Client ID">CLIENT_ID</value>
  <value column="Description" original="Client ID">Client ID</value>
  <value column="Help" original=""/>
 </row>
 <row trl="N" uuid="6b8a19d4-d0ed-489a-b826-f5929260d2be">
  <value column="Name" original="Org ID">ORG_ID</value>
  <value column="Description" original="Org ID">Org ID</value>
  <value column="Help" original=""/>
 </row>
 <row trl="N" uuid="b2d92802-cb42-42ad-b9f7-640fde24925c">
  <value column="Name" original="Start Date">Start Date</value>
  <value column="Description" original="Start Date">Start Date</value>
  <value column="Help" original=""/>
 </row>
 <row trl="N" uuid="84699334-1f98-4219-8934-ac7acd7691d8">
  <value column="Name" original="End Date">End Date</value>
  <value column="Description" original="End Date">End Date</value>
  <value column="Help" original=""/>
 </row>
 <row trl="N" uuid="6542cc4d-5df8-4d37-8350-e9448d0b28d5">
  <value column="Name" original="Date From">Date From</value>
  <value column="Description" original=""/>
  <value column="Help" original=""/>
 </row>
 <row trl="N" uuid="1701a3ea-0d68-4d7e-b61d-d69e31164124">
  <value column="Name" original="Date To">Date To</value>
  <value column="Description" original=""/>
  <value column="Help" original=""/>
 </row>
 <row trl="N" uuid="d4d74ef5-d718-4f3b-9d38-0a391bebf435">
  <value column="Name" original="Organization">Organization</value>
  <value column="Description" original="Organizational entity within client">Organizational entity within client</value>
  <value column="Help" original="An organization is a unit of your client or legal entity - examples are store, department. You can share data between organizations.">An organization is a unit of your client or legal entity - examples are store, department. You can share data between organizations.</value>
 </row>
 <row trl="N" uuid="a5ee8747-e0a2-4a11-a102-2996ef2451cc">
  <value column="Name" original="Date From">Date From</value>
  <value column="Description" original=""/>
  <value column="Help" original=""/>
 </row>
 <row trl="N" uuid="ad43f0ca-7dad-45d2-8f38-fb38b5069727">
  <value column="Name" original="Date To">Date To</value>
  <value column="Description" original=""/>
  <value column="Help" original=""/>
 </row>
 <row trl="N" uuid="9fbc8682-a8f5-4083-99b1-b28d8a420215">
  <value column="Name" original="Organization">Organization</value>
  <value column="Description" original=""/>
  <value column="Help" original=""/>
 </row>
 <row trl="N" uuid="4bdfe023-b7cd-4d18-804b-1daaa79e1968">
  <value column="Name" original="Insurance Company">Insurance Company</value>
  <value column="Description" original="Insurance Company">Insurance Company</value>
  <value column="Help" original=""/>
 </row>
 <row trl="N" uuid="a476a743-d7bb-4218-81b3-b56d16bdcbf8">
  <value column="Name" original="CloseCashType">CloseCashType</value>
  <value column="Description" original=""/>
  <value column="Help" original=""/>
 </row>
 <row trl="N" uuid="9c7c7c83-9f53-4029-9df7-117e647caa99">
  <value column="Name" original="Printer">Printer</value>
  <value column="Description" original=""/>
  <value column="Help" original="Printer text (Group2 field of products) used to send the product to a remote POS printer.">Printer text (Group2 field of products) used to send the product to a remote POS printer.</value>
 </row>
 <row trl="N" uuid="abcf721d-bda7-48ab-b51c-6d2905b3a2bf">
  <value column="Name" original="Version Purchase List">Version Purchase List</value>
  <value column="Description" original=""/>
  <value column="Help" original=""/>
 </row>
 <row trl="N" uuid="7a5c20a5-249f-40d9-8b8c-dd25952337cc">
  <value column="Name" original="Version Sales List">Version Sales List</value>
  <value column="Description" original=""/>
  <value column="Help" original=""/>
 </row>
 <row trl="N" uuid="0d066c4a-7710-45c1-b790-fc9ebe989410">
  <value column="Name" original="Points">Points</value>
  <value column="Description" original=""/>
  <value column="Help" original=""/>
 </row>
 <row trl="N" uuid="c653c877-ae0e-488a-9181-aecc2acda978">
  <value column="Name" original="PIN">PIN</value>
  <value column="Description" original=""/>
  <value column="Help" original=""/>
 </row>
 <row trl="N" uuid="e0e6b245-e4c4-4996-b1ff-5166e6f6988a">
  <value column="Name" original="Destination">Destination</value>
  <value column="Description" original=""/>
  <value column="Help" original=""/>
 </row>
 <row trl="N" uuid="a8071a31-40d2-4578-9b89-5cbe34d2ba3f">
  <value column="Name" original="Source">Source</value>
  <value column="Description" original=""/>
  <value column="Help" original=""/>
 </row>
 <row trl="N" uuid="00fcd660-7c23-47a8-bf9f-36aa5189443a">
  <value column="Name" original="Business Partner ">Business Partner </value>
  <value column="Description" original="Identifies a Business Partner">Identifies a Business Partner</value>
  <value column="Help" original="A Business Partner is anyone with whom you transact.  This can include Vendor, Customer, Employee or Salesperson">A Business Partner is anyone with whom you transact.  This can include Vendor, Customer, Employee or Salesperson</value>
 </row>
</idempiereTrl>
