<?xml version="1.0" encoding="UTF-8" standalone="no"?>
<!--iDempiere(r) Release 2.1_2014-10-31 -Smart Suite ERP, CRM and SCM- (c) 1999-2013 iDempiere(r); Implementation: iDempiere - Supported by iDempiere community--><!--<!DOCTYPE idempiereTrl PUBLIC "-//ComPiere, Inc.//DTD iDempiere Translation 1.0//EN" "http://www.idempiere.com/dtd/idempiereTrl.dtd">--><idempiereTrl language="in_ID" table="AD_PrintFormatItem">
 <row id="50477" trl="N">
  <value column="Name" original="VendorProductNo">VendorProductNo</value>
  <value column="PrintName" original="VendorProductNo">VendorProductNo</value>
  <value column="PrintNameSuffix" original=""/>
 </row>
 <row id="50992" trl="N">
  <value column="Name" original="Setup T">Setup T</value>
  <value column="PrintName" original="Setup">Setup</value>
  <value column="PrintNameSuffix" original=""/>
 </row>
 <row id="51001" trl="N">
  <value column="Name" original="Cost T">Cost T</value>
  <value column="PrintName" original="Cost T">Cost T</value>
  <value column="PrintNameSuffix" original=""/>
 </row>
 <row id="51005" trl="N">
  <value column="Name" original="Cost TL">Cost TL</value>
  <value column="PrintName" original="Cost TL">Cost TL</value>
  <value column="PrintNameSuffix" original=""/>
 </row>
 <row id="51006" trl="N">
  <value column="Name" original="Cost LL">Cost LL</value>
  <value column="PrintName" original="Cost LL">Cost LL</value>
  <value column="PrintNameSuffix" original=""/>
 </row>
 <row id="51013" trl="N">
  <value column="Name" original="Levels">Levels</value>
  <value column="PrintName" original="Levels">Levels</value>
  <value column="PrintNameSuffix" original=""/>
 </row>
 <row id="51018" trl="N">
  <value column="Name" original="Parent">Parent</value>
  <value column="PrintName" original="Parent">Parent</value>
  <value column="PrintNameSuffix" original=""/>
 </row>
 <row id="51026" trl="N">
  <value column="Name" original="Acct Schema">Acct Schema</value>
  <value column="PrintName" original=""/>
  <value column="PrintNameSuffix" original=""/>
 </row>
 <row id="51066" trl="N">
  <value column="Name" original="F Cost">F Cost</value>
  <value column="PrintName" original="F  Cost">F  Cost</value>
  <value column="PrintNameSuffix" original=""/>
 </row>
 <row id="51067" trl="N">
  <value column="Name" original="F Cost LL">F Cost LL</value>
  <value column="PrintName" original="F  Cost LL">F  Cost LL</value>
  <value column="PrintNameSuffix" original=""/>
 </row>
 <row id="51068" trl="N">
  <value column="Name" original="S Cost">S Cost</value>
  <value column="PrintName" original="S Cost">S Cost</value>
  <value column="PrintNameSuffix" original=""/>
 </row>
 <row id="51069" trl="N">
  <value column="Name" original="Frozen">Frozen</value>
  <value column="PrintName" original=""/>
  <value column="PrintNameSuffix" original=""/>
 </row>
 <row id="51074" trl="N">
  <value column="Name" original="Description">Description</value>
  <value column="PrintName" original="Description">Description</value>
  <value column="PrintNameSuffix" original=""/>
 </row>
 <row id="51075" trl="N">
  <value column="Name" original="Help">Help</value>
  <value column="PrintName" original="Help">Help</value>
  <value column="PrintNameSuffix" original=""/>
 </row>
 <row id="51076" trl="N">
  <value column="Name" original="Help">Help</value>
  <value column="PrintName" original="Help">Help</value>
  <value column="PrintNameSuffix" original=""/>
 </row>
 <row id="51337" trl="N">
  <value column="Name" original="PP_Order_Node_ID">PP_Order_Node_ID</value>
  <value column="PrintName" original=""/>
  <value column="PrintNameSuffix" original=""/>
 </row>
 <row id="200010" trl="N">
  <value column="Name" original="Standard Cost">Standard Cost</value>
  <value column="PrintName" original=""/>
  <value column="PrintNameSuffix" original=""/>
 </row>
 <row id="200011" trl="N">
  <value column="Name" original="Std Cost Amount Sum">Std Cost Amount Sum</value>
  <value column="PrintName" original="Std Cost Amount Sum">Std Cost Amount Sum</value>
  <value column="PrintNameSuffix" original=""/>
 </row>
 <row id="200067" trl="N">
  <value column="Name" original="Report Title">Report Title</value>
  <value column="PrintName" original="Single Level BOM">Single Level BOM</value>
  <value column="PrintNameSuffix" original=""/>
 </row>
 <row id="200068" trl="N">
  <value column="Name" original="Label Part Number">Label Part Number</value>
  <value column="PrintName" original="Part Number">Part Number</value>
  <value column="PrintNameSuffix" original=""/>
 </row>
 <row id="200069" trl="N">
  <value column="Name" original="Label Product Name">Label Product Name</value>
  <value column="PrintName" original="Product Name">Product Name</value>
  <value column="PrintNameSuffix" original=""/>
 </row>
 <row id="200070" trl="N">
  <value column="Name" original="Label Product Category">Label Product Category</value>
  <value column="PrintName" original="Product Category">Product Category</value>
  <value column="PrintNameSuffix" original=""/>
 </row>
 <row id="200071" trl="N">
  <value column="Name" original="Label Part Type">Label Part Type</value>
  <value column="PrintName" original="Part Type">Part Type</value>
  <value column="PrintNameSuffix" original=""/>
 </row>
 <row id="200072" trl="N">
  <value column="Name" original="Label Unit Of Measure">Label Unit Of Measure</value>
  <value column="PrintName" original="Unit of Measure">Unit of Measure</value>
  <value column="PrintNameSuffix" original=""/>
 </row>
 <row id="200073" trl="N">
  <value column="Name" original="Label Locator">Label Locator</value>
  <value column="PrintName" original="Locator">Locator</value>
  <value column="PrintNameSuffix" original=""/>
 </row>
 <row id="200074" trl="N">
  <value column="Name" original="Label Standard Cost">Label Standard Cost</value>
  <value column="PrintName" original="Standard Cost">Standard Cost</value>
  <value column="PrintNameSuffix" original=""/>
 </row>
 <row id="200075" trl="N">
  <value column="Name" original="Part Type">Part Type</value>
  <value column="PrintName" original=""/>
  <value column="PrintNameSuffix" original=""/>
 </row>
 <row id="200076" trl="N">
  <value column="Name" original="Standard Cost">Standard Cost</value>
  <value column="PrintName" original=""/>
  <value column="PrintNameSuffix" original=""/>
 </row>
 <row id="200077" trl="N">
  <value column="Name" original="Label Bill of Materials">Label Bill of Materials</value>
  <value column="PrintName" original="Bill of Materials">Bill of Materials</value>
  <value column="PrintNameSuffix" original=""/>
 </row>
 <row id="200078" trl="N">
  <value column="Name" original="Label Manufactured">Label Manufactured</value>
  <value column="PrintName" original="Manufactured">Manufactured</value>
  <value column="PrintNameSuffix" original=""/>
 </row>
 <row id="200079" trl="N">
  <value column="Name" original="Label Purchased">Label Purchased</value>
  <value column="PrintName" original="Purchased">Purchased</value>
  <value column="PrintNameSuffix" original=""/>
 </row>
 <row id="200080" trl="N">
  <value column="Name" original="Label Sold">Label Sold</value>
  <value column="PrintName" original="Sold">Sold</value>
  <value column="PrintNameSuffix" original=""/>
 </row>
 <row id="200081" trl="N">
  <value column="Name" original="Label Kanban">Label Kanban</value>
  <value column="PrintName" original="Kanban Controlled">Kanban Controlled</value>
  <value column="PrintNameSuffix" original=""/>
 </row>
 <row id="200085" trl="N">
  <value column="Name" original="Label BOM Verified">Label BOM Verified</value>
  <value column="PrintName" original="BOM Verified">BOM Verified</value>
  <value column="PrintNameSuffix" original=""/>
 </row>
 <row id="200153" trl="N">
  <value column="Name" original="Master BOM">Master BOM</value>
  <value column="PrintName" original="Master BOM">Master BOM</value>
  <value column="PrintNameSuffix" original=""/>
 </row>
 <row trl="N" uuid="c8045b4c-adc1-440c-8f19-5f113fe44016">
  <value column="Name" original="Logo">Logo</value>
  <value column="PrintName" original=""/>
  <value column="PrintNameSuffix" original=""/>
 </row>
 <row trl="N" uuid="f8e10313-5ab7-48bb-ba2c-24c2f12414c5">
  <value column="Name" original="RUC 1123-4445454-454545">RUC 1123-4445454-454545</value>
  <value column="PrintName" original="RUC 1123-4445454-454545">RUC 1123-4445454-454545</value>
  <value column="PrintNameSuffix" original=""/>
 </row>
 <row trl="N" uuid="62055069-457c-41c1-bb74-608b5c220f48">
  <value column="Name" original="Spacial Tower">Spacial Tower</value>
  <value column="PrintName" original="Spacial Tower">Spacial Tower</value>
  <value column="PrintNameSuffix" original=""/>
 </row>
 <row trl="N" uuid="a3d8e107-856d-4bb9-a6eb-3e1899dbcdd7">
  <value column="Name" original="tel +57 214 456 789">tel +57 214 456 789</value>
  <value column="PrintName" original="tel +57 214 456 789">tel +57 214 456 789</value>
  <value column="PrintNameSuffix" original=""/>
 </row>
 <row trl="N" uuid="28d58ce8-6877-4e55-8a8a-b71aa95c1b07">
  <value column="Name" original="Close cash Report">Close cash Report</value>
  <value column="PrintName" original="Close cash Report">Close cash Report</value>
  <value column="PrintNameSuffix" original=""/>
 </row>
 <row trl="N" uuid="20d186c7-4933-44e5-aa23-5c99d3479a4f">
  <value column="Name" original="Totals">Totals</value>
  <value column="PrintName" original="Totals">Totals</value>
  <value column="PrintNameSuffix" original=""/>
 </row>
 <row trl="N" uuid="078d34f3-113c-4b9d-8f2c-8c052b933d81">
  <value column="Name" original="details form">details form</value>
  <value column="PrintName" original=""/>
  <value column="PrintNameSuffix" original=""/>
 </row>
 <row trl="N" uuid="1fbe2ecd-b95c-4a61-91d5-cce41927458e">
  <value column="Name" original="Description">Description</value>
  <value column="PrintName" original="Description">Description</value>
  <value column="PrintNameSuffix" original=""/>
 </row>
 <row trl="N" uuid="6b7ff6e8-9e3a-470e-a03d-902a1597aed3">
  <value column="Name" original="Invoice">Invoice</value>
  <value column="PrintName" original="Invoice">Invoice</value>
  <value column="PrintNameSuffix" original=""/>
 </row>
 <row trl="N" uuid="4a4978e7-b1f8-497e-a9b5-3f32e84d6e4a">
  <value column="Name" original="Transaction">Transaction</value>
  <value column="PrintName" original="Transaction">Transaction</value>
  <value column="PrintNameSuffix" original=""/>
 </row>
 <row trl="N" uuid="e6dbb5c8-0aac-4654-8f30-1db939ed3dd0">
  <value column="Name" original="Transaction Date">Transaction Date</value>
  <value column="PrintName" original="Trx Date">Trx Date</value>
  <value column="PrintNameSuffix" original=""/>
 </row>
 <row trl="N" uuid="58449403-bea1-41fc-bae2-014b0e7a6613">
  <value column="Name" original="Source">Source</value>
  <value column="PrintName" original="Source">Source</value>
  <value column="PrintNameSuffix" original=""/>
 </row>
 <row trl="N" uuid="4579eb74-3f98-464c-82b0-f94c72beace1">
  <value column="Name" original="Destination">Destination</value>
  <value column="PrintName" original="Destination">Destination</value>
  <value column="PrintNameSuffix" original=""/>
 </row>
 <row trl="N" uuid="e1fa9f92-c11f-4432-984f-12ad86eaa79b">
  <value column="Name" original="Transaction Type">Transaction Type</value>
  <value column="PrintName" original="Transaction Type">Transaction Type</value>
  <value column="PrintNameSuffix" original=""/>
 </row>
 <row trl="N" uuid="00076284-f9be-4546-8cb3-39f373e27053">
  <value column="Name" original="Points">Points</value>
  <value column="PrintName" original="Points">Points</value>
  <value column="PrintNameSuffix" original=""/>
 </row>
 <row trl="N" uuid="81f8eada-cbb8-4d90-a2bf-f2125e7332e4">
  <value column="Name" original="Name">Name</value>
  <value column="PrintName" original="Name">Name</value>
  <value column="PrintNameSuffix" original=""/>
 </row>
 <row trl="N" uuid="41446d3c-75ee-4707-9821-0bbca32d1045">
  <value column="Name" original="IsBeneficiary">IsBeneficiary</value>
  <value column="PrintName" original="Is Beneficiary">Is Beneficiary</value>
  <value column="PrintNameSuffix" original=""/>
 </row>
 <row trl="N" uuid="a511bda3-cfac-4022-a76b-abbf5c992354">
  <value column="Name" original="Points">Points</value>
  <value column="PrintName" original="Points">Points</value>
  <value column="PrintNameSuffix" original=""/>
 </row>
</idempiereTrl>
