<?xml version="1.0" encoding="UTF-8" standalone="no"?>
<!--iDempiere(r) Release 2.1_2014-10-31 -Smart Suite ERP, CRM and SCM- (c) 1999-2013 iDempiere(r); Implementation: iDempiere - Supported by iDempiere community--><!--<!DOCTYPE idempiereTrl PUBLIC "-//ComPiere, Inc.//DTD iDempiere Translation 1.0//EN" "http://www.idempiere.com/dtd/idempiereTrl.dtd">--><idempiereTrl language="in_ID" table="AD_Task">
 <row id="102" trl="Y">
  <value column="Name" original="Java Version">Versi Java</value>
  <value column="Description" original="Displays the version of the default Java VM">Displays the version of the default Java VM</value>
  <value column="Help" original="The java version used by the application might be different.">The java version used by the application might be different.</value>
 </row>
 <row id="103" trl="Y">
  <value column="Name" original="Database export">Ekspor Database</value>
  <value column="Description" original="Export (save) the database">Export (save) the database</value>
  <value column="Help" original="Run this command from the server">Run this command from the server</value>
 </row>
 <row id="104" trl="Y">
  <value column="Name" original="Database transfer">Transfer Database</value>
  <value column="Description" original="Transfer the database">Transfer the database</value>
  <value column="Help" original="Run this command from the server">Run this command from the server</value>
 </row>
 <row id="50000" trl="Y">
  <value column="Name" original="Turn ActiveMQ ON">Hidupkan ActiveMQ</value>
  <value column="Description" original="Turns on the ActiveMQ service">Turns on the ActiveMQ service</value>
  <value column="Help" original="Start activeMQ service">Start activeMQ service</value>
 </row>
 <row id="50001" trl="Y">
  <value column="Name" original="Turn ActiveMQ OFF">Hentikan ActiveMQ</value>
  <value column="Description" original="Turn ActiveMQ service OFF">Turn ActiveMQ service OFF</value>
  <value column="Help" original="Stop activeMQ service">Stop activeMQ service</value>
 </row>
</idempiereTrl>
