<?xml version="1.0" encoding="UTF-8" standalone="no"?>
<!--iDempiere(r) Release 2.1_2014-10-31 -Smart Suite ERP, CRM and SCM- (c) 1999-2013 iDempiere(r); Implementation: iDempiere - Supported by iDempiere community--><!--<!DOCTYPE idempiereTrl PUBLIC "-//ComPiere, Inc.//DTD iDempiere Translation 1.0//EN" "http://www.idempiere.com/dtd/idempiereTrl.dtd">--><idempiereTrl language="in_ID" table="AD_Table">
 <row id="53018" trl="N">
  <value column="Name" original="BOM &amp; Formula"><![CDATA[BOM & Formula]]></value>
 </row>
 <row trl="N" uuid="6b6f13c8-3d54-4d52-a5ef-2b55b5a98611">
  <value column="Name" original="Beneficiary">Beneficiary</value>
 </row>
 <row trl="N" uuid="cb987720-189e-45c7-9653-045620ddd99d">
  <value column="Name" original="Transaction">Transaction</value>
 </row>
 <row trl="N" uuid="b1bf168f-b6b8-47ed-b99c-c4fc8711dd4d">
  <value column="Name" original="Simple Input Window">Simple Input Window</value>
 </row>
 <row trl="N" uuid="36fc9f83-04eb-4b74-9831-cfeb1201bfaa">
  <value column="Name" original="Simple Input Search">Simple Input Search</value>
 </row>
</idempiereTrl>
