<?xml version="1.0" encoding="UTF-8" standalone="no"?>
<!--iDempiere(r) Release 2.1_2014-10-31 -Smart Suite ERP, CRM and SCM- (c) 1999-2013 iDempiere(r); Implementation: iDempiere - Supported by iDempiere community--><!--<!DOCTYPE idempiereTrl PUBLIC "-//ComPiere, Inc.//DTD iDempiere Translation 1.0//EN" "http://www.idempiere.com/dtd/idempiereTrl.dtd">--><idempiereTrl language="in_ID" table="C_UOM">
 <row id="100" trl="N">
  <value column="Name" original="Each">Each</value>
  <value column="Description" original=""/>
  <value column="UOMSymbol" original="Ea ">Ea </value>
 </row>
 <row id="101" trl="N">
  <value column="Name" original="Hour">Hour</value>
  <value column="Description" original=""/>
  <value column="UOMSymbol" original="h  ">h  </value>
 </row>
 <row id="102" trl="N">
  <value column="Name" original="Day">Day</value>
  <value column="Description" original=""/>
  <value column="UOMSymbol" original="d  ">d  </value>
 </row>
 <row id="103" trl="N">
  <value column="Name" original="Minutes">Minutes</value>
  <value column="Description" original="(lowest unit for resorce assigments)">(lowest unit for resorce assigments)</value>
  <value column="UOMSymbol" original="m  ">m  </value>
 </row>
 <row id="104" trl="N">
  <value column="Name" original="Work Day">Work Day</value>
  <value column="Description" original="8 hour">8 hour</value>
  <value column="UOMSymbol" original="D  ">D  </value>
 </row>
 <row id="105" trl="N">
  <value column="Name" original="Week">Week</value>
  <value column="Description" original=""/>
  <value column="UOMSymbol" original="w  ">w  </value>
 </row>
 <row id="106" trl="N">
  <value column="Name" original="Month">Month</value>
  <value column="Description" original="30 days">30 days</value>
  <value column="UOMSymbol" original="m  ">m  </value>
 </row>
 <row id="107" trl="N">
  <value column="Name" original="Working Month">Working Month</value>
  <value column="Description" original="20 days">20 days</value>
  <value column="UOMSymbol" original="M  ">M  </value>
 </row>
 <row id="108" trl="N">
  <value column="Name" original="Year">Year</value>
  <value column="Description" original=""/>
  <value column="UOMSymbol" original="y  ">y  </value>
 </row>
 <row trl="N" uuid="55d0c077-af46-45d0-8714-c55ec9a56627">
  <value column="Name" original="6-Pack">6-Pack</value>
  <value column="Description" original=""/>
  <value column="UOMSymbol" original="6Pk">6Pk</value>
 </row>
 <row trl="N" uuid="d9b0dcf7-d6d7-4144-b07a-64663c39915c">
  <value column="Name" original="Mililiter">Mililiter</value>
  <value column="Description" original=""/>
  <value column="UOMSymbol" original="ml">ml</value>
 </row>
 <row trl="N" uuid="710ed0d2-ea1b-418a-9795-001a9f6cb000">
  <value column="Name" original="kilogram">kilogram</value>
  <value column="Description" original=""/>
  <value column="UOMSymbol" original="Kg">Kg</value>
 </row>
 <row trl="N" uuid="1fa639ec-a9e7-469f-a414-ef058b7274d4">
  <value column="Name" original="milligram">milligram</value>
  <value column="Description" original=""/>
  <value column="UOMSymbol" original="mg">mg</value>
 </row>
 <row trl="N" uuid="c89a2b2f-c926-481a-b150-3999c6e31044">
  <value column="Name" original="litre">litre</value>
  <value column="Description" original=""/>
  <value column="UOMSymbol" original="L">L</value>
 </row>
 <row trl="N" uuid="9789b8cf-cf02-4b13-b14b-e25986afd8d0">
  <value column="Name" original="Piece">Piece</value>
  <value column="Description" original=""/>
  <value column="UOMSymbol" original="Piece">Piece</value>
 </row>
 <row trl="N" uuid="9b8d06de-3e8f-4f8a-996b-87d523a53ff6">
  <value column="Name" original="Dozen">Dozen</value>
  <value column="Description" original=""/>
  <value column="UOMSymbol" original="Dozen">Dozen</value>
 </row>
 <row trl="N" uuid="b55833cb-fc0a-42e3-81be-6e0d91d5f953">
  <value column="Name" original="Belt">Belt</value>
  <value column="Description" original=""/>
  <value column="UOMSymbol" original="belt">belt</value>
 </row>
 <row trl="N" uuid="8686ce59-1716-4a8a-ae67-39371286846a">
  <value column="Name" original="Can">Can</value>
  <value column="Description" original=""/>
  <value column="UOMSymbol" original="can">can</value>
 </row>
 <row trl="N" uuid="ebdddebb-b001-4a4d-9f0e-ece9a50dc8a8">
  <value column="Name" original="Klg">Klg</value>
  <value column="Description" original=""/>
  <value column="UOMSymbol" original="klg">klg</value>
 </row>
 <row trl="N" uuid="f37a5784-5efd-4112-9204-15c57b30098c">
  <value column="Name" original="Liter">Liter</value>
  <value column="Description" original=""/>
  <value column="UOMSymbol" original="ltr">ltr</value>
 </row>
 <row trl="N" uuid="7262c13b-6599-481b-b823-4b9132ab05e8">
  <value column="Name" original="Meter">Meter</value>
  <value column="Description" original=""/>
  <value column="UOMSymbol" original="m">m</value>
 </row>
 <row trl="N" uuid="b3f01df9-5595-47bc-8879-2b2153af0986">
  <value column="Name" original="Meter Persegi">Meter Persegi</value>
  <value column="Description" original=""/>
  <value column="UOMSymbol" original="m2">m2</value>
 </row>
 <row trl="N" uuid="62625d40-6095-4708-afdd-eb15ed8b16b5">
  <value column="Name" original="Roll">Roll</value>
  <value column="Description" original=""/>
  <value column="UOMSymbol" original="roll">roll</value>
 </row>
 <row trl="N" uuid="012afcea-f165-48ae-9a35-9ba872373962">
  <value column="Name" original="Set">Set</value>
  <value column="Description" original=""/>
  <value column="UOMSymbol" original="set">set</value>
 </row>
 <row trl="N" uuid="71f99d0b-9ee6-4dc1-8de5-4c3a578a5fb8">
  <value column="Name" original="Sheet">Sheet</value>
  <value column="Description" original=""/>
  <value column="UOMSymbol" original="sheet">sheet</value>
 </row>
 <row trl="N" uuid="cb9ed9a5-6f5e-4a97-ad2c-97ea2712eb09">
  <value column="Name" original="Spools">Spools</value>
  <value column="Description" original=""/>
  <value column="UOMSymbol" original="spools">spools</value>
 </row>
 <row trl="N" uuid="e3726be9-1583-4fd3-8cbe-c5c47c332d74">
  <value column="Name" original="Unit">Unit</value>
  <value column="Description" original=""/>
  <value column="UOMSymbol" original="unit">unit</value>
 </row>
</idempiereTrl>
