<?xml version="1.0" encoding="UTF-8" standalone="no"?>
<!--iDempiere(r) Release 2.1_2014-10-31 -Smart Suite ERP, CRM and SCM- (c) 1999-2013 iDempiere(r); Implementation: iDempiere - Supported by iDempiere community--><!--<!DOCTYPE idempiereTrl PUBLIC "-//ComPiere, Inc.//DTD iDempiere Translation 1.0//EN" "http://www.idempiere.com/dtd/idempiereTrl.dtd">--><idempiereTrl language="in_ID" table="PA_DashboardContent">
 <row id="50000" trl="N">
  <value column="Name" original="Activities">Activities</value>
  <value column="Description" original="Workflow activities, notices and requests">Workflow activities, notices and requests</value>
  <value column="HTML" original=""/>
 </row>
 <row id="50001" trl="N">
  <value column="Name" original="Favourites">Favourites</value>
  <value column="Description" original="User favourities">User favourities</value>
  <value column="HTML" original=""/>
 </row>
 <row id="50002" trl="N">
  <value column="Name" original="Views">Views</value>
  <value column="Description" original="Info views">Info views</value>
  <value column="HTML" original=""/>
 </row>
 <row id="50003" trl="N">
  <value column="Name" original="Performance">Performance</value>
  <value column="Description" original="Performance meters">Performance meters</value>
  <value column="HTML" original=""/>
 </row>
 <row id="200000" trl="N">
  <value column="Name" original="Recent Items">Recent Items</value>
  <value column="Description" original="Recent items">Recent items</value>
  <value column="HTML" original=""/>
 </row>
 <row id="200001" trl="N">
  <value column="Name" original="Menu">Menu</value>
  <value column="Description" original="Menu">Menu</value>
  <value column="HTML" original=""/>
 </row>
 <row id="200002" trl="N">
  <value column="Name" original="Running Jobs">Running Jobs</value>
  <value column="Description" original="Running Jobs">Running Jobs</value>
  <value column="HTML" original=""/>
 </row>
 <row trl="N" uuid="5dd4b887-5c32-4975-8bb4-8fd300b0dcdb">
  <value column="Name" original="Chat">Chat</value>
  <value column="Description" original="Chat">Chat</value>
  <value column="HTML" original=""/>
 </row>
 <row trl="N" uuid="3e19d084-b0e4-4c16-8338-4d82e9b7e805">
  <value column="Name" original="Google Map">Google Map</value>
  <value column="Description" original="GOOGLE_MAPS_API_KEY has to be set in System Configurator">GOOGLE_MAPS_API_KEY has to be set in System Configurator</value>
  <value column="HTML" original=""/>
 </row>
 <row trl="N" uuid="1725e7f6-70e4-4c67-b3fa-450ae6f32a2b">
  <value column="Name" original="Broadcaster">Broadcaster</value>
  <value column="Description" original="Send broadcast messages to users">Send broadcast messages to users</value>
  <value column="HTML" original=""/>
 </row>
</idempiereTrl>
