<?xml version="1.0" encoding="UTF-8" standalone="no"?>
<!--iDempiere(r) Release 7.1_2019-11-22 -Smart Suite ERP, CRM and SCM- (c) 1999-2019 iDempiere(r); Implementation: iDempiere - Supported by iDempiere community--><!--<!DOCTYPE idempiereTrl PUBLIC "-//ComPiere, Inc.//DTD iDempiere Translation 1.0//EN" "http://www.idempiere.com/dtd/idempiereTrl.dtd">--><idempiereTrl language="in_ID" table="AD_Task">
 <row id="102" trl="Y">
  <value column="Name" original="Java Version">Versi Java</value>
  <value column="Description" original="Displays the version of the default Java VM">Displays the version of the default Java VM</value>
  <value column="Help" original="The java version used by the application might be different.">The java version used by the application might be different.</value>
 </row>
 <row id="103" trl="Y">
  <value column="Name" original="Database export">Ekspor Database</value>
  <value column="Description" original="Export (save) the database">Export (save) the database</value>
  <value column="Help" original="Run this command from the server">Run this command from the server</value>
 </row>
 <row id="104" trl="Y">
  <value column="Name" original="Database transfer">Transfer Database</value>
  <value column="Description" original="Transfer the database">Transfer the database</value>
  <value column="Help" original="Run this command from the server">Run this command from the server</value>
 </row>
</idempiereTrl>
