<?xml version="1.0" encoding="UTF-8" standalone="no"?>
<!--iDempiere(r) Release 7.1_2019-11-22 -Smart Suite ERP, CRM and SCM- (c) 1999-2019 iDempiere(r); Implementation: iDempiere - Supported by iDempiere community--><!--<!DOCTYPE idempiereTrl PUBLIC "-//ComPiere, Inc.//DTD iDempiere Translation 1.0//EN" "http://www.idempiere.com/dtd/idempiereTrl.dtd">--><idempiereTrl language="in_ID" table="C_Currency">
 <row id="100" trl="Y">
  <value column="Description" original="US Dollar">Dolar Amerika</value>
  <value column="CurSymbol" original="$">$</value>
 </row>
 <row id="102" trl="Y">
  <value column="Description" original="Euro">Euro</value>
  <value column="CurSymbol" original="E">E</value>
 </row>
 <row id="113" trl="Y">
  <value column="Description" original="Japanese Yen">Yen jepang</value>
  <value column="CurSymbol" original="¥">¥</value>
 </row>
 <row id="114" trl="Y">
  <value column="Description" original="British Pound">Pound Inggris</value>
  <value column="CurSymbol" original="£">£</value>
 </row>
 <row id="116" trl="Y">
  <value column="Description" original="Canadian Dollar">Dolar Kanada</value>
  <value column="CurSymbol" original="C$">C$</value>
 </row>
 <row id="118" trl="Y">
  <value column="Description" original="Argentine Peso">Peso Argentina</value>
  <value column="CurSymbol" original="$">$</value>
 </row>
 <row id="120" trl="Y">
  <value column="Description" original="Australian Dollar">Dollar Australia</value>
  <value column="CurSymbol" original="$">$</value>
 </row>
 <row id="121" trl="Y">
  <value column="Description" original="New Zealand Dollar">Dolar Selandia Baru</value>
  <value column="CurSymbol" original="$">$</value>
 </row>
 <row id="127" trl="Y">
  <value column="Description" original="Liberian Dollar">Dolar Liberia</value>
  <value column="CurSymbol" original="$">$</value>
 </row>
 <row id="130" trl="Y">
  <value column="Description" original="Mexican Peso">Peso Meksiko</value>
  <value column="CurSymbol" original="$">$</value>
 </row>
 <row id="142" trl="Y">
  <value column="Description" original="Peso Uruguayo">Peso Uruguayo</value>
  <value column="CurSymbol" original="$U">$U</value>
 </row>
 <row id="143" trl="Y">
  <value column="Description" original="Armenian Dram">Dram Armenia</value>
  <value column="CurSymbol" original=""/>
 </row>
 <row id="144" trl="Y">
  <value column="Description" original="Kwanza">Kwanza</value>
  <value column="CurSymbol" original=""/>
 </row>
 <row id="145" trl="Y">
  <value column="Description" original="Azerbaijanian Manat (new)">Manat Azerbaijan</value>
  <value column="CurSymbol" original=""/>
 </row>
 <row id="146" trl="Y">
  <value column="Description" original="Boliviano">Boliviano</value>
  <value column="CurSymbol" original=""/>
 </row>
 <row id="147" trl="Y">
  <value column="Description" original="Franc Congolais">Franc Congolais</value>
  <value column="CurSymbol" original=""/>
 </row>
 <row id="148" trl="Y">
  <value column="Description" original="Czech Koruna">Koruna Ceko</value>
  <value column="CurSymbol" original=""/>
 </row>
 <row id="149" trl="Y">
  <value column="Description" original="Lari">Pound Inggris...</value>
  <value column="CurSymbol" original=""/>
 </row>
 <row id="150" trl="Y">
  <value column="Description" original="Iranian Rial">Rial Iran</value>
  <value column="CurSymbol" original=""/>
 </row>
 <row id="151" trl="Y">
  <value column="Description" original="Lithuanian Litus">Litus Lituania</value>
  <value column="CurSymbol" original=""/>
 </row>
 <row id="152" trl="Y">
  <value column="Description" original="Moldovan Leu">Moldovan Leu</value>
  <value column="CurSymbol" original=""/>
 </row>
 <row id="153" trl="Y">
  <value column="Description" original="Philippine Peso">Peso Filipina</value>
  <value column="CurSymbol" original=""/>
 </row>
 <row id="154" trl="Y">
  <value column="Description" original="Zloty">Zloty</value>
  <value column="CurSymbol" original=""/>
 </row>
 <row id="155" trl="Y">
  <value column="Description" original="Russian Ruble">Rubel Rusia</value>
  <value column="CurSymbol" original=""/>
 </row>
 <row id="156" trl="Y">
  <value column="Description" original="Sudanese Dinar">Dinar Sudan</value>
  <value column="CurSymbol" original=""/>
 </row>
 <row id="157" trl="Y">
  <value column="Description" original="Somoni">Somoni</value>
  <value column="CurSymbol" original=""/>
 </row>
 <row id="158" trl="Y">
  <value column="Description" original="Manat">Manat</value>
  <value column="CurSymbol" original=""/>
 </row>
 <row id="159" trl="Y">
  <value column="Description" original="Timor Escudo">Timor Escudo</value>
  <value column="CurSymbol" original=""/>
 </row>
 <row id="160" trl="Y">
  <value column="Description" original="Hryvnia">Ukrania</value>
  <value column="CurSymbol" original=""/>
 </row>
 <row id="161" trl="Y">
  <value column="Description" original="Uzbekistan Sum">Uzbekistan Sum</value>
  <value column="CurSymbol" original=""/>
 </row>
 <row id="163" trl="Y">
  <value column="Description" original="Cyprus Pound">Pound Siprus</value>
  <value column="CurSymbol" original="£C">£C</value>
 </row>
 <row id="164" trl="Y">
  <value column="Description" original="Egyptian Pound">Pound Mesir</value>
  <value column="CurSymbol" original="£E">£E</value>
 </row>
 <row id="165" trl="Y">
  <value column="Description" original="Falkland Islands Pound">Pound Kepulauan Falkland</value>
  <value column="CurSymbol" original="£F">£F</value>
 </row>
 <row id="166" trl="Y">
  <value column="Description" original="Gibraltar Pound">Pound Gibraltar</value>
  <value column="CurSymbol" original="£G">£G</value>
 </row>
 <row id="167" trl="Y">
  <value column="Description" original="Saint Helena Pound">Saint Helena Pound</value>
  <value column="CurSymbol" original="£S">£S</value>
 </row>
 <row id="168" trl="Y">
  <value column="Description" original="Syrian Pound">Pound Suriah</value>
  <value column="CurSymbol" original="£S">£S</value>
 </row>
 <row id="170" trl="Y">
  <value column="Description" original="Cedi">Cedi</value>
  <value column="CurSymbol" original="¢">¢</value>
 </row>
 <row id="171" trl="Y">
  <value column="Description" original="El Salvador Colon">El Salvador Colon</value>
  <value column="CurSymbol" original="¢">¢</value>
 </row>
 <row id="195" trl="Y">
  <value column="Description" original="Afghani">Orang Afghanistan</value>
  <value column="CurSymbol" original="Af">Af</value>
 </row>
 <row id="196" trl="Y">
  <value column="Description" original="Aruban Guilder">Aruban Guilder</value>
  <value column="CurSymbol" original="Af.">Af.</value>
 </row>
 <row id="197" trl="Y">
  <value column="Description" original="Balboa">Balboa</value>
  <value column="CurSymbol" original="B">B</value>
 </row>
 <row id="198" trl="Y">
  <value column="Description" original="Brunei Dollar">Dolar Brunei</value>
  <value column="CurSymbol" original="B$">B$</value>
 </row>
 <row id="199" trl="Y">
  <value column="Description" original="Bahamian Dollar">Real Brasil...</value>
  <value column="CurSymbol" original="B$">B$</value>
 </row>
 <row id="200" trl="Y">
  <value column="Description" original="Bahraini Dinar">Dinar Bahrain</value>
  <value column="CurSymbol" original="BD">BD</value>
 </row>
 <row id="201" trl="Y">
  <value column="Description" original="Bermudian Dollar">Dolar bermudian</value>
  <value column="CurSymbol" original="Bd$">Bd$</value>
 </row>
 <row id="202" trl="Y">
  <value column="Description" original="Barbados Dollar">Dolar Barbados</value>
  <value column="CurSymbol" original="Bds$">Bds$</value>
 </row>
 <row id="203" trl="Y">
  <value column="Description" original="Belarussian Ruble">Rubel Belarusia</value>
  <value column="CurSymbol" original="BR">BR</value>
 </row>
 <row id="204" trl="Y">
  <value column="Description" original="Ethiopian Birr">Birr Etiopia</value>
  <value column="CurSymbol" original="Br">Br</value>
 </row>
 <row id="205" trl="Y">
  <value column="Description" original="Bolivar">Bolivar</value>
  <value column="CurSymbol" original="Bs">Bs</value>
 </row>
 <row id="206" trl="Y">
  <value column="Description" original="Baht">Baht</value>
  <value column="CurSymbol" original="Bt">Bt</value>
 </row>
 <row id="207" trl="Y">
  <value column="Description" original="Belize Dollar">Dolar Belize</value>
  <value column="CurSymbol" original="BZ$">BZ$</value>
 </row>
 <row id="209" trl="Y">
  <value column="Description" original="Cordoba Oro">Cordoba Oro</value>
  <value column="CurSymbol" original="C$">C$</value>
 </row>
 <row id="210" trl="Y">
  <value column="Description" original="Cape Verde Escudo">Tanjung Verde Escudo</value>
  <value column="CurSymbol" original="C.V.Esc.">C.V.Esc.</value>
 </row>
 <row id="211" trl="Y">
  <value column="Description" original="Comoro Franc">Komoro Franc</value>
  <value column="CurSymbol" original="CF">CF</value>
 </row>
 <row id="212" trl="Y">
  <value column="Description" original="CFA Franc BCEAO">CFA Franc BCEAO</value>
  <value column="CurSymbol" original="CFAF">CFAF</value>
 </row>
 <row id="214" trl="Y">
  <value column="Description" original="CFA Franc BEAC">CFA Franc BEAC</value>
  <value column="CurSymbol" original="CFAF">CFAF</value>
 </row>
 <row id="225" trl="Y">
  <value column="Description" original="CFP Franc">CFP Franc</value>
  <value column="CurSymbol" original="CFPF">CFPF</value>
 </row>
 <row id="228" trl="Y">
  <value column="Description" original="Chilean Peso">Peso Chili</value>
  <value column="CurSymbol" original="Ch$">Ch$</value>
 </row>
 <row id="229" trl="Y">
  <value column="Description" original="Cayman Islands Dollar">Dolar Kepulauan Cayman</value>
  <value column="CurSymbol" original="CI$">CI$</value>
 </row>
 <row id="230" trl="Y">
  <value column="Description" original="Colombian Peso">Peso Kolombia</value>
  <value column="CurSymbol" original="Col$">Col$</value>
 </row>
 <row id="231" trl="Y">
  <value column="Description" original="Riel">Riel</value>
  <value column="CurSymbol" original="CR">CR</value>
 </row>
 <row id="232" trl="Y">
  <value column="Description" original="Cuban Peso">Peso Kuba</value>
  <value column="CurSymbol" original="Cu$">Cu$</value>
 </row>
 <row id="233" trl="Y">
  <value column="Description" original="Dalasi">Dalasi</value>
  <value column="CurSymbol" original="D">D</value>
 </row>
 <row id="234" trl="Y">
  <value column="Description" original="Dong">Dong</value>
  <value column="CurSymbol" original="D">D</value>
 </row>
 <row id="235" trl="Y">
  <value column="Description" original="Algerian Dinar">Dinar Aljazair</value>
  <value column="CurSymbol" original="DA">DA</value>
 </row>
 <row id="236" trl="Y">
  <value column="Description" original="Dobra">Dobra</value>
  <value column="CurSymbol" original="Db">Db</value>
 </row>
 <row id="237" trl="Y">
  <value column="Description" original="Djibouti Franc">Djibouti Franc</value>
  <value column="CurSymbol" original="DF">DF</value>
 </row>
 <row id="238" trl="Y">
  <value column="Description" original="UAE Dirham">Dirham UEA</value>
  <value column="CurSymbol" original="Dh">Dh</value>
 </row>
 <row id="239" trl="Y">
  <value column="Description" original="Moroccan Dirham">Dirham Maroko</value>
  <value column="CurSymbol" original="DH">DH</value>
 </row>
 <row id="240" trl="Y">
  <value column="Description" original="Yugoslavian Dinar">Yugoslavia Dinar</value>
  <value column="CurSymbol" original="Din">Din</value>
 </row>
 <row id="241" trl="Y">
  <value column="Description" original="Danish Krone">Krone Denmark</value>
  <value column="CurSymbol" original="Dkr">Dkr</value>
 </row>
 <row id="244" trl="Y">
  <value column="Description" original="East Caribbean Dollar">Dolar Karibia Timur</value>
  <value column="CurSymbol" original="EC$">EC$</value>
 </row>
 <row id="252" trl="Y">
  <value column="Description" original="Fiji Dollar">Dolar Fiji</value>
  <value column="CurSymbol" original="F$">F$</value>
 </row>
 <row id="253" trl="Y">
  <value column="Description" original="Burundi Franc">Franc Burundi</value>
  <value column="CurSymbol" original="FBu">FBu</value>
 </row>
 <row id="254" trl="Y">
  <value column="Description" original="Malagasy Franc">Franc Malagasi</value>
  <value column="CurSymbol" original="FMG">FMG</value>
 </row>
 <row id="255" trl="Y">
  <value column="Description" original="Forint">Forint</value>
  <value column="CurSymbol" original="Ft">Ft</value>
 </row>
 <row id="256" trl="Y">
  <value column="Description" original="Gourde">Gourde</value>
  <value column="CurSymbol" original="G">G</value>
 </row>
 <row id="257" trl="Y">
  <value column="Description" original="Guyana Dollar">Dolar Guyana</value>
  <value column="CurSymbol" original="G$">G$</value>
 </row>
 <row id="258" trl="Y">
  <value column="Description" original="Hong Kong Dollar">Dollar Hongkong</value>
  <value column="CurSymbol" original="HK$">HK$</value>
 </row>
 <row id="259" trl="Y">
  <value column="Description" original="Croatian Kuna">Kuna Kroasia</value>
  <value column="CurSymbol" original="HRK">HRK</value>
 </row>
 <row id="260" trl="Y">
  <value column="Description" original="Iraqi Dinar">Dinar Irak</value>
  <value column="CurSymbol" original="ID">ID</value>
 </row>
 <row id="261" trl="Y">
  <value column="Description" original="Iceland Krona">Krona Islandia</value>
  <value column="CurSymbol" original="IKr">IKr</value>
 </row>
 <row id="262" trl="Y">
  <value column="Description" original="Jamaican Dollar">Dolar Jamaika</value>
  <value column="CurSymbol" original="J$">J$</value>
 </row>
 <row id="263" trl="Y">
  <value column="Description" original="Jordanian Dinar">Dinar Yordania</value>
  <value column="CurSymbol" original="JD">JD</value>
 </row>
 <row id="264" trl="Y">
  <value column="Description" original="Kyat">Kyat</value>
  <value column="CurSymbol" original="K">K</value>
 </row>
 <row id="265" trl="Y">
  <value column="Description" original="Kina">Kina</value>
  <value column="CurSymbol" original="K">K</value>
 </row>
 <row id="266" trl="Y">
  <value column="Description" original="Kenyan Shilling">Shilling Kenya</value>
  <value column="CurSymbol" original="K Sh">K Sh</value>
 </row>
 <row id="267" trl="Y">
  <value column="Description" original="Kuwaiti Dinar">Kuwait Dinar</value>
  <value column="CurSymbol" original="KD">KD</value>
 </row>
 <row id="268" trl="Y">
  <value column="Description" original="Convertible Marks">Tanda Konversi</value>
  <value column="CurSymbol" original="KM">KM</value>
 </row>
 <row id="269" trl="Y">
  <value column="Description" original="Kip">Tidur</value>
  <value column="CurSymbol" original="KN">KN</value>
 </row>
 <row id="270" trl="Y">
  <value column="Description" original="Nakfa">Nakfa</value>
  <value column="CurSymbol" original="KR">KR</value>
 </row>
 <row id="271" trl="Y">
  <value column="Description" original="Lek">Lek</value>
  <value column="CurSymbol" original="L">L</value>
 </row>
 <row id="272" trl="Y">
  <value column="Description" original="Lempira">Lempira</value>
  <value column="CurSymbol" original="L">L</value>
 </row>
 <row id="273" trl="Y">
  <value column="Description" original="Leu (old)">Leu</value>
  <value column="CurSymbol" original="L">L</value>
 </row>
 <row id="274" trl="Y">
  <value column="Description" original="Lilangeni">Lilangeni</value>
  <value column="CurSymbol" original="L">L</value>
 </row>
 <row id="275" trl="Y">
  <value column="Description" original="Libyan Dinar">Dinar Libya</value>
  <value column="CurSymbol" original="LD">LD</value>
 </row>
 <row id="276" trl="Y">
  <value column="Description" original="Leone">Leone</value>
  <value column="CurSymbol" original="Le">Le</value>
 </row>
 <row id="277" trl="Y">
  <value column="Description" original="Maltese Lira">Lira Malta</value>
  <value column="CurSymbol" original="Lm">Lm</value>
 </row>
 <row id="278" trl="Y">
  <value column="Description" original="Latvian Lats">Lats Latvia</value>
  <value column="CurSymbol" original="Ls">Ls</value>
 </row>
 <row id="279" trl="Y">
  <value column="Description" original="Lev">Im</value>
  <value column="CurSymbol" original="Lv">Lv</value>
 </row>
 <row id="280" trl="Y">
  <value column="Description" original="Mauritius Rupee">Mauritius Rupee</value>
  <value column="CurSymbol" original="Mau Rs">Mau Rs</value>
 </row>
 <row id="281" trl="Y">
  <value column="Description" original="Kwacha">Kwacha</value>
  <value column="CurSymbol" original="MK">MK</value>
 </row>
 <row id="282" trl="Y">
  <value column="Description" original="Denar">Denar</value>
  <value column="CurSymbol" original="MKD">MKD</value>
 </row>
 <row id="283" trl="Y">
  <value column="Description" original="Metical">Metis</value>
  <value column="CurSymbol" original="Mt">Mt</value>
 </row>
 <row id="284" trl="Y">
  <value column="Description" original="Netherlands Antillian Guilder">Dutch Antillean Guilder</value>
  <value column="CurSymbol" original="NAf.">NAf.</value>
 </row>
 <row id="285" trl="Y">
  <value column="Description" original="Estonian Kroon">Kroon Estonia</value>
  <value column="CurSymbol" original="KR">Nfa</value>
 </row>
 <row id="286" trl="Y">
  <value column="Description" original="New Israeli Sheqel">Sheqel Israel Baru</value>
  <value column="CurSymbol" original="NIS">NIS</value>
 </row>
 <row id="287" trl="Y">
  <value column="Description" original="Norwegian Krone">Krone Norwegia</value>
  <value column="CurSymbol" original="NKr">NKr</value>
 </row>
 <row id="288" trl="Y">
  <value column="Description" original="Nepalese Rupee">Rupee Nepal</value>
  <value column="CurSymbol" original="NRs">NRs</value>
 </row>
 <row id="289" trl="Y">
  <value column="Description" original="New Taiwan Dollar">Dolar Taiwan Baru</value>
  <value column="CurSymbol" original="NT$">NT$</value>
 </row>
 <row id="290" trl="Y">
  <value column="Description" original="Pula">Pula</value>
  <value column="CurSymbol" original="P">P</value>
 </row>
 <row id="291" trl="Y">
  <value column="Description" original="Pataca">Pataca</value>
  <value column="CurSymbol" original="P">P</value>
 </row>
 <row id="292" trl="Y">
  <value column="Description" original="Quetzal">Quetzal</value>
  <value column="CurSymbol" original="Q">Q</value>
 </row>
 <row id="293" trl="Y">
  <value column="Description" original="Qatari Rial">Rial Qatar</value>
  <value column="CurSymbol" original="QR">QR</value>
 </row>
 <row id="294" trl="Y">
  <value column="Description" original="Rand">Rand</value>
  <value column="CurSymbol" original="R">R</value>
 </row>
 <row id="297" trl="Y">
  <value column="Description" original="Brazilian Real">Real Brasil</value>
  <value column="CurSymbol" original="R$">R$</value>
 </row>
 <row id="298" trl="Y">
  <value column="Description" original="Dominican Peso">Peso Dominika</value>
  <value column="CurSymbol" original="RD$">RD$</value>
 </row>
 <row id="299" trl="Y">
  <value column="Description" original="Rufiyaa">Rufiyaa</value>
  <value column="CurSymbol" original="Rf">Rf</value>
 </row>
 <row id="300" trl="Y">
  <value column="Description" original="Rwanda Franc">Franc Rwanda</value>
  <value column="CurSymbol" original="RF">RF</value>
 </row>
 <row id="301" trl="Y">
  <value column="Description" original="Malaysian Ringgit">Ringgit Malaysia</value>
  <value column="CurSymbol" original="RM">RM</value>
 </row>
 <row id="302" trl="Y">
  <value column="Description" original="Rial Omani">Rial Oman</value>
  <value column="CurSymbol" original="RO">RO</value>
 </row>
 <row id="303" trl="Y">
  <value column="Description" original="Rupiah">Rupiah</value>
  <value column="CurSymbol" original="Rp">Rp</value>
 </row>
 <row id="304" trl="Y">
  <value column="Description" original="Indian Rupee">Rupee India</value>
  <value column="CurSymbol" original="Rs">Rs</value>
 </row>
 <row id="306" trl="Y">
  <value column="Description" original="Pakistan Rupee">Rupee Pakistan</value>
  <value column="CurSymbol" original="Rs">Rs</value>
 </row>
 <row id="307" trl="Y">
  <value column="Description" original="Singapore Dollar">Dolar Singapura</value>
  <value column="CurSymbol" original="S$">S$</value>
 </row>
 <row id="308" trl="Y">
  <value column="Description" original="Nuevo Sol">Nuevo Sol</value>
  <value column="CurSymbol" original="S/.">S/.</value>
 </row>
 <row id="309" trl="Y">
  <value column="Description" original="Suriname Guilder">Suriname Guilder</value>
  <value column="CurSymbol" original="Sf.">Sf.</value>
 </row>
 <row id="310" trl="Y">
  <value column="Description" original="Solomon Islands Dollar">Dolar Kepulauan Solomon</value>
  <value column="CurSymbol" original="SI$">SI$</value>
 </row>
 <row id="311" trl="Y">
  <value column="Description" original="Swedish Krona">Krona Swedia</value>
  <value column="CurSymbol" original="Sk">Sk</value>
 </row>
 <row id="312" trl="Y">
  <value column="Description" original="Slovak Koruna">Koruna Slovakia</value>
  <value column="CurSymbol" original="Sk">Sk</value>
 </row>
 <row id="313" trl="Y">
  <value column="Description" original="Sri Lanka Rupee">Rupee Sri Lanka</value>
  <value column="CurSymbol" original="SLRs">SLRs</value>
 </row>
 <row id="315" trl="Y">
  <value column="Description" original="Somali Shilling">Somalia Shilling</value>
  <value column="CurSymbol" original="So. Sh.">So. Sh.</value>
 </row>
 <row id="316" trl="Y">
  <value column="Description" original="Seychelles Rupee">Seychelles Rupee</value>
  <value column="CurSymbol" original="SR">SR</value>
 </row>
 <row id="317" trl="Y">
  <value column="Description" original="Saudi Riyal">Riyal Saudi</value>
  <value column="CurSymbol" original="SRls">SRls</value>
 </row>
 <row id="318" trl="Y">
  <value column="Description" original="Swiss Franc">Franc Swiss</value>
  <value column="CurSymbol" original="SFr">SFr</value>
 </row>
 <row id="320" trl="Y">
  <value column="Description" original="Pa’anga">Paanga</value>
  <value column="CurSymbol" original="T$">T$</value>
 </row>
 <row id="321" trl="Y">
  <value column="Description" original="Tunisian Dinar">Dinar Tunisia</value>
  <value column="CurSymbol" original="TD">TD</value>
 </row>
 <row id="322" trl="Y">
  <value column="Description" original="Taka">Taka</value>
  <value column="CurSymbol" original="Tk">Tk</value>
 </row>
 <row id="323" trl="Y">
  <value column="Description" original="Turkish Lira">Lira Turki</value>
  <value column="CurSymbol" original="TL">TL</value>
 </row>
 <row id="324" trl="Y">
  <value column="Description" original="Tanzanian Shilling">Shilling Tanzania</value>
  <value column="CurSymbol" original="TSh">TSh</value>
 </row>
 <row id="325" trl="Y">
  <value column="Description" original="Trinidad and Tobago Dollar">Dolar Trinidad dan Tobago</value>
  <value column="CurSymbol" original="TT$">TT$</value>
 </row>
 <row id="326" trl="Y">
  <value column="Description" original="Tugrik">Tugrik</value>
  <value column="CurSymbol" original="Tug">Tug</value>
 </row>
 <row id="327" trl="Y">
  <value column="Description" original="Ouguiya">Ouguiya</value>
  <value column="CurSymbol" original="UM">UM</value>
 </row>
 <row id="328" trl="Y">
  <value column="Description" original="Uganda Shilling">Uganda Shilling</value>
  <value column="CurSymbol" original="USh">USh</value>
 </row>
 <row id="329" trl="Y">
  <value column="Description" original="Vatu">Vatu</value>
  <value column="CurSymbol" original="VT">VT</value>
 </row>
 <row id="330" trl="Y">
  <value column="Description" original="Won">Won</value>
  <value column="CurSymbol" original="W">W</value>
 </row>
 <row id="331" trl="Y">
  <value column="Description" original="Tala">Tala</value>
  <value column="CurSymbol" original="WS$">WS$</value>
 </row>
 <row id="332" trl="Y">
  <value column="Description" original="Yuan Renminbi">Yuan Renminbi</value>
  <value column="CurSymbol" original="Y">Y</value>
 </row>
 <row id="333" trl="Y">
  <value column="Description" original="Yemeni Rial">Rial Yaman</value>
  <value column="CurSymbol" original="YRls">YRls</value>
 </row>
 <row id="334" trl="Y">
  <value column="Description" original="Zimbabwe Dollar">Dolar Zimbabwe</value>
  <value column="CurSymbol" original="Z$">Z$</value>
 </row>
 <row id="335" trl="Y">
  <value column="Description" original="Kwacha">Kwacha</value>
  <value column="CurSymbol" original="ZK">ZK</value>
 </row>
 <row id="336" trl="Y">
  <value column="Description" original="Costa Rican Colon">Colon Kosta Rika</value>
  <value column="CurSymbol" original=""/>
 </row>
 <row id="337" trl="Y">
  <value column="Description" original="Guinea Franc">Franc Guinea</value>
  <value column="CurSymbol" original=""/>
 </row>
 <row id="338" trl="Y">
  <value column="Description" original="Guinea-Bissau Peso">Guinea-Bissau Peso</value>
  <value column="CurSymbol" original=""/>
 </row>
 <row id="339" trl="Y">
  <value column="Description" original="Som">Som</value>
  <value column="CurSymbol" original=""/>
 </row>
 <row id="340" trl="Y">
  <value column="Description" original="North Korean Won">Won Korea Utara</value>
  <value column="CurSymbol" original=""/>
 </row>
 <row id="341" trl="Y">
  <value column="Description" original="Tenge">Tenge</value>
  <value column="CurSymbol" original=""/>
 </row>
 <row id="342" trl="Y">
  <value column="Description" original="Lebanese Pound">Pound Lebanon</value>
  <value column="CurSymbol" original=""/>
 </row>
 <row id="343" trl="Y">
  <value column="Description" original="Naira">Naira</value>
  <value column="CurSymbol" original=""/>
 </row>
 <row id="344" trl="Y">
  <value column="Description" original="Guarani">Guarani</value>
  <value column="CurSymbol" original=""/>
 </row>
 <row id="346" trl="Y">
  <value column="Description" original="Leu (new)">Leu (baru)</value>
  <value column="CurSymbol" original="L">L</value>
 </row>
 <row id="347" trl="Y">
  <value column="Description" original="Serbian Dinar">Dinar Serbia</value>
  <value column="CurSymbol" original="RSD">RSD</value>
 </row>
</idempiereTrl>
