<?xml version="1.0" encoding="UTF-8" standalone="no"?>
<!--iDempiere(r) Release 7.1_2019-11-22 -Smart Suite ERP, CRM and SCM- (c) 1999-2019 iDempiere(r); Implementation: iDempiere - Supported by iDempiere community--><!--<!DOCTYPE idempiereTrl PUBLIC "-//ComPiere, Inc.//DTD iDempiere Translation 1.0//EN" "http://www.idempiere.com/dtd/idempiereTrl.dtd">--><idempiereTrl language="in_ID" table="C_UOM">
 <row id="100" trl="Y">
  <value column="Name" original="Each">Biji</value>
  <value column="Description" original=""/>
  <value column="UOMSymbol" original="Ea ">Ea </value>
 </row>
 <row id="101" trl="Y">
  <value column="Name" original="Hour">Jam</value>
  <value column="Description" original=""/>
  <value column="UOMSymbol" original="h  ">h  </value>
 </row>
 <row id="102" trl="Y">
  <value column="Name" original="Day">Hari</value>
  <value column="Description" original=""/>
  <value column="UOMSymbol" original="d  ">d  </value>
 </row>
 <row id="103" trl="Y">
  <value column="Name" original="Minutes">Menit</value>
  <value column="Description" original="(lowest unit for resorce assigments)">(unit terendah untuk penugasan sumber daya)</value>
  <value column="UOMSymbol" original="m  ">m  </value>
 </row>
 <row id="104" trl="Y">
  <value column="Name" original="Work Day">Hari Kerja</value>
  <value column="Description" original="8 hour">8 jam</value>
  <value column="UOMSymbol" original="D  ">D  </value>
 </row>
 <row id="105" trl="Y">
  <value column="Name" original="Week">Minggu</value>
  <value column="Description" original=""/>
  <value column="UOMSymbol" original="w  ">w  </value>
 </row>
 <row id="106" trl="Y">
  <value column="Name" original="Month">Bulan</value>
  <value column="Description" original="30 days">30 hari</value>
  <value column="UOMSymbol" original="m  ">m  </value>
 </row>
 <row id="107" trl="Y">
  <value column="Name" original="Working Month">Bulan Kerja</value>
  <value column="Description" original="20 days">20 hari</value>
  <value column="UOMSymbol" original="M  ">M  </value>
 </row>
 <row id="108" trl="Y">
  <value column="Name" original="Year">Tahun</value>
  <value column="Description" original=""/>
  <value column="UOMSymbol" original="y  ">y  </value>
 </row>
</idempiereTrl>
